STATION,NAME,DATE,PRCP,SNOW,SNWD,TMAX,TMIN
USC00366886,"PHILADELPHIA FRANKLIN INSTITUTE, PA US",5/1/2016,0.42,0,0,61,45
USC00366886,"PHILADELPHIA FRANKLIN INSTITUTE, PA US",5/2/2016,0.2,0,0,52,46
USC00366886,"PHILADELPHIA FRANKLIN INSTITUTE, PA US",5/3/2016,0.63,0,0,64,46
USC00366886,"PHILADELPHIA FRANKLIN INSTITUTE, PA US",5/4/2016,0.05,0,0,59,51
USC00366886,"PHILADELPHIA FRANKLIN INSTITUTE, PA US",5/5/2016,0.03,0,0,53,49
USC00366886,"PHILADELPHIA FRANKLIN INSTITUTE, PA US",5/6/2016,0.94,0,0,57,48
USC00366886,"PHILADELPHIA FRANKLIN INSTITUTE, PA US",5/7/2016,0.51,0,0,55,49
USC00366886,"PHILADELPHIA FRANKLIN INSTITUTE, PA US",5/8/2016,0,0,0,61,49
USC00366886,"PHILADELPHIA FRANKLIN INSTITUTE, PA US",5/9/2016,0,0,0,70,51
USC00366886,"PHILADELPHIA FRANKLIN INSTITUTE, PA US",5/10/2016,0,0,0,71,52
USC00366886,"PHILADELPHIA FRANKLIN INSTITUTE, PA US",5/11/2016,0,0,0,61,52
USC00366886,"PHILADELPHIA FRANKLIN INSTITUTE, PA US",5/12/2016,0,0,0,69,54
USC00366886,"PHILADELPHIA FRANKLIN INSTITUTE, PA US",5/13/2016,0,0,0,81,59
USC00366886,"PHILADELPHIA FRANKLIN INSTITUTE, PA US",5/14/2016,0.17,0,0,70,61
USC00366886,"PHILADELPHIA FRANKLIN INSTITUTE, PA US",5/15/2016,0.08,0,0,77,56
USC00366886,"PHILADELPHIA FRANKLIN INSTITUTE, PA US",5/16/2016,0,0,0,59,47
USC00366886,"PHILADELPHIA FRANKLIN INSTITUTE, PA US",5/17/2016,0,0,0,69,43
USC00366886,"PHILADELPHIA FRANKLIN INSTITUTE, PA US",5/18/2016,0.13,0,0,63,56
USC00366886,"PHILADELPHIA FRANKLIN INSTITUTE, PA US",5/19/2016,0.1,0,0,69,54
USC00366886,"PHILADELPHIA FRANKLIN INSTITUTE, PA US",5/20/2016,0,0,0,75,55
USC00366886,"PHILADELPHIA FRANKLIN INSTITUTE, PA US",5/21/2016,0,0,0,80,54
USC00366886,"PHILADELPHIA FRANKLIN INSTITUTE, PA US",5/22/2016,1.38,0,0,62,53
USC00366886,"PHILADELPHIA FRANKLIN INSTITUTE, PA US",5/23/2016,0.02,0,0,65,51
USC00366886,"PHILADELPHIA FRANKLIN INSTITUTE, PA US",5/24/2016,0.17,0,0,77,55
USC00366886,"PHILADELPHIA FRANKLIN INSTITUTE, PA US",5/25/2016,0,0,0,84,58
USC00366886,"PHILADELPHIA FRANKLIN INSTITUTE, PA US",5/26/2016,0,0,0,90,60
USC00366886,"PHILADELPHIA FRANKLIN INSTITUTE, PA US",5/27/2016,0,0,0,92,69
USC00366886,"PHILADELPHIA FRANKLIN INSTITUTE, PA US",5/28/2016,0,0,0,91,72
USC00366886,"PHILADELPHIA FRANKLIN INSTITUTE, PA US",5/29/2016,0,0,0,92,70
USC00366886,"PHILADELPHIA FRANKLIN INSTITUTE, PA US",5/30/2016,2.4,0,0,90,69
USC00366886,"PHILADELPHIA FRANKLIN INSTITUTE, PA US",5/31/2016,0,0,0,81,67
USC00366886,"PHILADELPHIA FRANKLIN INSTITUTE, PA US",6/1/2016,0,0,0,90,71
USC00366886,"PHILADELPHIA FRANKLIN INSTITUTE, PA US",6/2/2016,0,0,0,90,69
USC00366886,"PHILADELPHIA FRANKLIN INSTITUTE, PA US",6/3/2016,0.2,0,0,84,62
USC00366886,"PHILADELPHIA FRANKLIN INSTITUTE, PA US",6/4/2016,0,0,0,74,64
USC00366886,"PHILADELPHIA FRANKLIN INSTITUTE, PA US",6/5/2016,0.05,0,0,86,67
USC00366886,"PHILADELPHIA FRANKLIN INSTITUTE, PA US",6/6/2016,0.75,0,,84,68
USC00366886,"PHILADELPHIA FRANKLIN INSTITUTE, PA US",6/7/2016,0,0,0,88,68
USC00366886,"PHILADELPHIA FRANKLIN INSTITUTE, PA US",6/8/2016,0,0,0,87,67
USC00366886,"PHILADELPHIA FRANKLIN INSTITUTE, PA US",6/9/2016,0.21,0,0,71,56
USC00366886,"PHILADELPHIA FRANKLIN INSTITUTE, PA US",6/10/2016,0,0,0,76,55
USC00366886,"PHILADELPHIA FRANKLIN INSTITUTE, PA US",6/11/2016,0,0,0,80,60
USC00366886,"PHILADELPHIA FRANKLIN INSTITUTE, PA US",6/12/2016,0,0,0,93,64
USC00366886,"PHILADELPHIA FRANKLIN INSTITUTE, PA US",6/13/2016,0,0,0,90,66
USC00366886,"PHILADELPHIA FRANKLIN INSTITUTE, PA US",6/14/2016,0,0,0,79,60
USC00366886,"PHILADELPHIA FRANKLIN INSTITUTE, PA US",6/15/2016,0,0,0,81,61
USC00366886,"PHILADELPHIA FRANKLIN INSTITUTE, PA US",6/16/2016,0.23,0,0,82,64
USC00366886,"PHILADELPHIA FRANKLIN INSTITUTE, PA US",6/17/2016,0,0,0,72,63
USC00366886,"PHILADELPHIA FRANKLIN INSTITUTE, PA US",6/18/2016,0,0,0,85,62
USC00366886,"PHILADELPHIA FRANKLIN INSTITUTE, PA US",6/19/2016,0,0,0,88,65
USC00366886,"PHILADELPHIA FRANKLIN INSTITUTE, PA US",6/20/2016,0,0,0,95,68
USC00366886,"PHILADELPHIA FRANKLIN INSTITUTE, PA US",6/21/2016,0,0,0,94,69
USC00366886,"PHILADELPHIA FRANKLIN INSTITUTE, PA US",6/22/2016,0.05,0,0,91,73
USC00366886,"PHILADELPHIA FRANKLIN INSTITUTE, PA US",6/23/2016,0,0,0,89,71
USC00366886,"PHILADELPHIA FRANKLIN INSTITUTE, PA US",6/24/2016,0,0,0,88,72
USC00366886,"PHILADELPHIA FRANKLIN INSTITUTE, PA US",6/25/2016,0,0,0,82,70
USC00366886,"PHILADELPHIA FRANKLIN INSTITUTE, PA US",6/26/2016,0,0,0,87,67
USC00366886,"PHILADELPHIA FRANKLIN INSTITUTE, PA US",6/27/2016,0,0,0,89,68
USC00366886,"PHILADELPHIA FRANKLIN INSTITUTE, PA US",6/28/2016,0.87,0,0,89,66
USC00366886,"PHILADELPHIA FRANKLIN INSTITUTE, PA US",6/29/2016,0,0,0,85,71
USC00366886,"PHILADELPHIA FRANKLIN INSTITUTE, PA US",6/30/2016,0,0,0,87,68
USC00366886,"PHILADELPHIA FRANKLIN INSTITUTE, PA US",7/1/2016,0,0,0,89,67
USC00366886,"PHILADELPHIA FRANKLIN INSTITUTE, PA US",7/2/2016,0.04,0,0,87,71
USC00366886,"PHILADELPHIA FRANKLIN INSTITUTE, PA US",7/3/2016,0,0,0,80,69
USC00366886,"PHILADELPHIA FRANKLIN INSTITUTE, PA US",7/4/2016,0,0,0,82,67
USC00366886,"PHILADELPHIA FRANKLIN INSTITUTE, PA US",7/5/2016,0.55,0,0,81,72
USC00366886,"PHILADELPHIA FRANKLIN INSTITUTE, PA US",7/6/2016,0,0,0,90,72
USC00366886,"PHILADELPHIA FRANKLIN INSTITUTE, PA US",7/7/2016,0,0,0,96,76
USC00366886,"PHILADELPHIA FRANKLIN INSTITUTE, PA US",7/8/2016,0,0,0,96,78
USC00366886,"PHILADELPHIA FRANKLIN INSTITUTE, PA US",7/9/2016,0,0,0,96,74
USC00366886,"PHILADELPHIA FRANKLIN INSTITUTE, PA US",7/10/2016,0.03,0,0,81,71
USC00366886,"PHILADELPHIA FRANKLIN INSTITUTE, PA US",7/11/2016,0,0,0,86,71
USC00366886,"PHILADELPHIA FRANKLIN INSTITUTE, PA US",7/12/2016,0,0,0,87,66
USC00366886,"PHILADELPHIA FRANKLIN INSTITUTE, PA US",7/13/2016,0,0,0,89,73
USC00366886,"PHILADELPHIA FRANKLIN INSTITUTE, PA US",7/14/2016,0.63,0,0,80,76
USC00366886,"PHILADELPHIA FRANKLIN INSTITUTE, PA US",7/15/2016,0,0,0,95,79
USC00366886,"PHILADELPHIA FRANKLIN INSTITUTE, PA US",7/16/2016,0,0,0,93,80
USC00366886,"PHILADELPHIA FRANKLIN INSTITUTE, PA US",7/17/2016,0,0,0,95,74
USC00366886,"PHILADELPHIA FRANKLIN INSTITUTE, PA US",7/18/2016,0,0,0,93,76
USC00366886,"PHILADELPHIA FRANKLIN INSTITUTE, PA US",7/19/2016,1.09,0,0,96,72
USC00366886,"PHILADELPHIA FRANKLIN INSTITUTE, PA US",7/20/2016,0,0,0,89,72
USC00366886,"PHILADELPHIA FRANKLIN INSTITUTE, PA US",7/21/2016,0,0,0,88,72
USC00366886,"PHILADELPHIA FRANKLIN INSTITUTE, PA US",7/22/2016,0,0,0,91,72
USC00366886,"PHILADELPHIA FRANKLIN INSTITUTE, PA US",7/23/2016,0,0,0,95,79
USC00366886,"PHILADELPHIA FRANKLIN INSTITUTE, PA US",7/24/2016,0,0,0,98,75
USC00366886,"PHILADELPHIA FRANKLIN INSTITUTE, PA US",7/25/2016,1.01,0,0,84,72
USC00366886,"PHILADELPHIA FRANKLIN INSTITUTE, PA US",7/26/2016,1.85,0,0,97,72
USC00366886,"PHILADELPHIA FRANKLIN INSTITUTE, PA US",7/27/2016,0,0,0,84,79
USC00366886,"PHILADELPHIA FRANKLIN INSTITUTE, PA US",7/28/2016,0,0,0,88,77
USC00366886,"PHILADELPHIA FRANKLIN INSTITUTE, PA US",7/29/2016,0.8,0,0,94,72
USC00366886,"PHILADELPHIA FRANKLIN INSTITUTE, PA US",7/30/2016,0,0,0,91,75
USC00366886,"PHILADELPHIA FRANKLIN INSTITUTE, PA US",7/31/2016,0.8,,,91,75
USC00366886,"PHILADELPHIA FRANKLIN INSTITUTE, PA US",8/1/2016,0,0,0,92,73
USC00366886,"PHILADELPHIA FRANKLIN INSTITUTE, PA US",8/2/2016,0.01,0,0,78,73
USC00366886,"PHILADELPHIA FRANKLIN INSTITUTE, PA US",8/3/2016,0,0,0,81,70
USC00366886,"PHILADELPHIA FRANKLIN INSTITUTE, PA US",8/4/2016,0,0,0,84,67
USC00366886,"PHILADELPHIA FRANKLIN INSTITUTE, PA US",8/5/2016,0,0,0,86,70
USC00366886,"PHILADELPHIA FRANKLIN INSTITUTE, PA US",8/6/2016,0,0,0,86,70
USC00366886,"PHILADELPHIA FRANKLIN INSTITUTE, PA US",8/7/2016,0,0,0,92,76
USC00366886,"PHILADELPHIA FRANKLIN INSTITUTE, PA US",8/8/2016,0,0,0,90,71
USC00366886,"PHILADELPHIA FRANKLIN INSTITUTE, PA US",8/9/2016,0,0,0,84,72
USC00366886,"PHILADELPHIA FRANKLIN INSTITUTE, PA US",8/10/2016,0,0,0,92,72
USC00366886,"PHILADELPHIA FRANKLIN INSTITUTE, PA US",8/11/2016,0.31,0,0,93,76
USC00366886,"PHILADELPHIA FRANKLIN INSTITUTE, PA US",8/12/2016,0.05,0,0,95,79
USC00366886,"PHILADELPHIA FRANKLIN INSTITUTE, PA US",8/13/2016,0,0,0,99,82
USC00366886,"PHILADELPHIA FRANKLIN INSTITUTE, PA US",8/14/2016,0,0,0,99,82
USC00366886,"PHILADELPHIA FRANKLIN INSTITUTE, PA US",8/15/2016,0,0,0,98,76
USC00366886,"PHILADELPHIA FRANKLIN INSTITUTE, PA US",8/16/2016,0,0,0,95,76
USC00366886,"PHILADELPHIA FRANKLIN INSTITUTE, PA US",8/17/2016,0.21,0,0,95,77
USC00366886,"PHILADELPHIA FRANKLIN INSTITUTE, PA US",8/18/2016,0.19,0,0,91,77
USC00366886,"PHILADELPHIA FRANKLIN INSTITUTE, PA US",8/19/2016,0,0,0,90,74
USC00366886,"PHILADELPHIA FRANKLIN INSTITUTE, PA US",8/20/2016,0,0,0,92,72
USC00366886,"PHILADELPHIA FRANKLIN INSTITUTE, PA US",8/21/2016,0,0,0,92,74
USC00366886,"PHILADELPHIA FRANKLIN INSTITUTE, PA US",8/22/2016,1.15,0,0,91,72
USC00366886,"PHILADELPHIA FRANKLIN INSTITUTE, PA US",8/23/2016,0,0,0,82,62
USC00366886,"PHILADELPHIA FRANKLIN INSTITUTE, PA US",8/24/2016,0,0,0,86,62
USC00366886,"PHILADELPHIA FRANKLIN INSTITUTE, PA US",8/25/2016,0,0,0,87,69
USC00366886,"PHILADELPHIA FRANKLIN INSTITUTE, PA US",8/26/2016,0,0,0,88,70
USC00366886,"PHILADELPHIA FRANKLIN INSTITUTE, PA US",8/27/2016,0,0,0,94,75
USC00366886,"PHILADELPHIA FRANKLIN INSTITUTE, PA US",8/28/2016,0,0,0,92,74
USC00366886,"PHILADELPHIA FRANKLIN INSTITUTE, PA US",8/29/2016,0,0,0,93,73
USC00366886,"PHILADELPHIA FRANKLIN INSTITUTE, PA US",8/30/2016,0,0,0,95,71
USC00366886,"PHILADELPHIA FRANKLIN INSTITUTE, PA US",8/31/2016,0,0,0,91,71
USC00366886,"PHILADELPHIA FRANKLIN INSTITUTE, PA US",9/1/2016,0.2,0,0,81,73
USC00366886,"PHILADELPHIA FRANKLIN INSTITUTE, PA US",9/2/2016,0,0,0,80,71
USC00366886,"PHILADELPHIA FRANKLIN INSTITUTE, PA US",9/3/2016,0,0,0,82,64
USC00366886,"PHILADELPHIA FRANKLIN INSTITUTE, PA US",9/4/2016,0,0,0,78,68
USC00366886,"PHILADELPHIA FRANKLIN INSTITUTE, PA US",9/5/2016,0,0,0,81,63
USC00366886,"PHILADELPHIA FRANKLIN INSTITUTE, PA US",9/6/2016,0,0,0,87,64
USC00366886,"PHILADELPHIA FRANKLIN INSTITUTE, PA US",9/7/2016,0,0,0,87,71
USC00366886,"PHILADELPHIA FRANKLIN INSTITUTE, PA US",9/8/2016,0,0,0,91,72
USC00366886,"PHILADELPHIA FRANKLIN INSTITUTE, PA US",9/9/2016,0,0,0,95,74
USC00366886,"PHILADELPHIA FRANKLIN INSTITUTE, PA US",9/10/2016,0,0,0,95,81
USC00366886,"PHILADELPHIA FRANKLIN INSTITUTE, PA US",9/11/2016,0,0,0,85,79
USC00366886,"PHILADELPHIA FRANKLIN INSTITUTE, PA US",9/12/2016,0,0,0,86,71
USC00366886,"PHILADELPHIA FRANKLIN INSTITUTE, PA US",9/13/2016,0,0,0,84,64
USC00366886,"PHILADELPHIA FRANKLIN INSTITUTE, PA US",9/14/2016,0,0,0,93,69
USC00366886,"PHILADELPHIA FRANKLIN INSTITUTE, PA US",9/15/2016,0,0,0,77,65
USC00366886,"PHILADELPHIA FRANKLIN INSTITUTE, PA US",9/16/2016,0,0,0,79,61
USC00366886,"PHILADELPHIA FRANKLIN INSTITUTE, PA US",9/17/2016,0,0,0,79,61
USC00366886,"PHILADELPHIA FRANKLIN INSTITUTE, PA US",9/18/2016,0,0,0,84,61
USC00366886,"PHILADELPHIA FRANKLIN INSTITUTE, PA US",9/19/2016,1.44,0,0,76,71
USC00366886,"PHILADELPHIA FRANKLIN INSTITUTE, PA US",9/20/2016,0.14,0,0,77,68
USC00366886,"PHILADELPHIA FRANKLIN INSTITUTE, PA US",9/21/2016,0,0,0,82,68
USC00366886,"PHILADELPHIA FRANKLIN INSTITUTE, PA US",9/22/2016,0,0,0,84,68
USC00366886,"PHILADELPHIA FRANKLIN INSTITUTE, PA US",9/23/2016,0,0,0,86,66
USC00366886,"PHILADELPHIA FRANKLIN INSTITUTE, PA US",9/24/2016,0,0,0,73,63
USC00366886,"PHILADELPHIA FRANKLIN INSTITUTE, PA US",9/25/2016,0,0,0,77,61
USC00366886,"PHILADELPHIA FRANKLIN INSTITUTE, PA US",9/26/2016,0,0,0,75,53
USC00366886,"PHILADELPHIA FRANKLIN INSTITUTE, PA US",9/27/2016,0.09,0,0,74,55
USC00366886,"PHILADELPHIA FRANKLIN INSTITUTE, PA US",9/28/2016,0,0,0,77,60
USC00366886,"PHILADELPHIA FRANKLIN INSTITUTE, PA US",9/29/2016,0.23,0,0,71,60
USC00366886,"PHILADELPHIA FRANKLIN INSTITUTE, PA US",9/30/2016,5.59,0,0,64,59
USC00366886,"PHILADELPHIA FRANKLIN INSTITUTE, PA US",10/1/2016,0.17,0,0,63,56
USC00366886,"PHILADELPHIA FRANKLIN INSTITUTE, PA US",10/2/2016,0.04,0,0,63,57
USC00366886,"PHILADELPHIA FRANKLIN INSTITUTE, PA US",10/3/2016,0,0,0,66,59
USC00366886,"PHILADELPHIA FRANKLIN INSTITUTE, PA US",10/4/2016,0,0,0,76,59
USC00366886,"PHILADELPHIA FRANKLIN INSTITUTE, PA US",10/5/2016,0,0,0,67,59
USC00366886,"PHILADELPHIA FRANKLIN INSTITUTE, PA US",10/6/2016,0,0,0,70,55
USC00366886,"PHILADELPHIA FRANKLIN INSTITUTE, PA US",10/7/2016,0,0,0,74,54
USC00366886,"PHILADELPHIA FRANKLIN INSTITUTE, PA US",10/8/2016,0,0,0,76,55
USC00366886,"PHILADELPHIA FRANKLIN INSTITUTE, PA US",10/9/2016,0.89,0,0,67,60
USC00366886,"PHILADELPHIA FRANKLIN INSTITUTE, PA US",10/10/2016,0,0,0,65,52
USC00366886,"PHILADELPHIA FRANKLIN INSTITUTE, PA US",10/11/2016,0,0,0,65,46
USC00366886,"PHILADELPHIA FRANKLIN INSTITUTE, PA US",10/12/2016,0,0,0,66,47
USC00366886,"PHILADELPHIA FRANKLIN INSTITUTE, PA US",10/13/2016,0,0,0,71,50
USC00366886,"PHILADELPHIA FRANKLIN INSTITUTE, PA US",10/14/2016,0,0,0,68,54
USC00366886,"PHILADELPHIA FRANKLIN INSTITUTE, PA US",10/15/2016,0,0,0,66,48
USC00366886,"PHILADELPHIA FRANKLIN INSTITUTE, PA US",10/16/2016,0,0,0,69,45
USC00366886,"PHILADELPHIA FRANKLIN INSTITUTE, PA US",10/17/2016,0,0,0,72,52
USC00366886,"PHILADELPHIA FRANKLIN INSTITUTE, PA US",10/18/2016,0,0,0,84,60
USC00366886,"PHILADELPHIA FRANKLIN INSTITUTE, PA US",10/19/2016,0,0,0,84,65
USC00366886,"PHILADELPHIA FRANKLIN INSTITUTE, PA US",10/20/2016,0,0,0,87,68
USC00366886,"PHILADELPHIA FRANKLIN INSTITUTE, PA US",10/21/2016,0,0,0,80,64
USC00366886,"PHILADELPHIA FRANKLIN INSTITUTE, PA US",10/22/2016,0.4,0,0,82,57
USC00366886,"PHILADELPHIA FRANKLIN INSTITUTE, PA US",10/23/2016,0,0,0,57,49
USC00366886,"PHILADELPHIA FRANKLIN INSTITUTE, PA US",10/24/2016,0,0,0,65,46
USC00366886,"PHILADELPHIA FRANKLIN INSTITUTE, PA US",10/25/2016,0,0,0,65,47
USC00366886,"PHILADELPHIA FRANKLIN INSTITUTE, PA US",10/26/2016,0,0,0,55,45
USC00366886,"PHILADELPHIA FRANKLIN INSTITUTE, PA US",10/27/2016,0,0,0,53,38
USC00366886,"PHILADELPHIA FRANKLIN INSTITUTE, PA US",10/28/2016,0.33,0,0,60,44
USC00366886,"PHILADELPHIA FRANKLIN INSTITUTE, PA US",10/29/2016,0,0,0,59,45
USC00366886,"PHILADELPHIA FRANKLIN INSTITUTE, PA US",10/30/2016,0,0,0,68,42
USC00366886,"PHILADELPHIA FRANKLIN INSTITUTE, PA US",10/31/2016,0.25,,,68,42
USC00366886,"PHILADELPHIA FRANKLIN INSTITUTE, PA US",11/1/2016,0,0,0,58,41
USC00366886,"PHILADELPHIA FRANKLIN INSTITUTE, PA US",11/2/2016,0,0,0,60,41
USC00366886,"PHILADELPHIA FRANKLIN INSTITUTE, PA US",11/3/2016,0,0,0,70,53
USC00366886,"PHILADELPHIA FRANKLIN INSTITUTE, PA US",11/4/2016,0,0,0,72,57
USC00366886,"PHILADELPHIA FRANKLIN INSTITUTE, PA US",11/5/2016,0,0,0,61,50
USC00366886,"PHILADELPHIA FRANKLIN INSTITUTE, PA US",11/6/2016,0,0,0,66,43
USC00366886,"PHILADELPHIA FRANKLIN INSTITUTE, PA US",11/7/2016,0,0,0,63,44
USC00366886,"PHILADELPHIA FRANKLIN INSTITUTE, PA US",11/8/2016,0,0,0,57,39
USC00366886,"PHILADELPHIA FRANKLIN INSTITUTE, PA US",11/9/2016,0,0,0,71,42
USC00366886,"PHILADELPHIA FRANKLIN INSTITUTE, PA US",11/10/2016,0.4,0,0,56,47
USC00366886,"PHILADELPHIA FRANKLIN INSTITUTE, PA US",11/11/2016,0,0,0,58,41
USC00366886,"PHILADELPHIA FRANKLIN INSTITUTE, PA US",11/12/2016,0,0,0,63,43
USC00366886,"PHILADELPHIA FRANKLIN INSTITUTE, PA US",11/13/2016,0,0,0,52,37
USC00366886,"PHILADELPHIA FRANKLIN INSTITUTE, PA US",11/14/2016,0,0,0,62,38
USC00366886,"PHILADELPHIA FRANKLIN INSTITUTE, PA US",11/15/2016,0,0,0,60,40
USC00366886,"PHILADELPHIA FRANKLIN INSTITUTE, PA US",11/16/2016,0,0,0,63,48
USC00366886,"PHILADELPHIA FRANKLIN INSTITUTE, PA US",11/17/2016,0,0,0,62,44
USC00366886,"PHILADELPHIA FRANKLIN INSTITUTE, PA US",11/18/2016,0,0,0,62,49
USC00366886,"PHILADELPHIA FRANKLIN INSTITUTE, PA US",11/19/2016,0,0,0,71,45
USC00366886,"PHILADELPHIA FRANKLIN INSTITUTE, PA US",11/20/2016,0,0,0,73,37
USC00366886,"PHILADELPHIA FRANKLIN INSTITUTE, PA US",11/21/2016,0,0,0,44,37
USC00366886,"PHILADELPHIA FRANKLIN INSTITUTE, PA US",11/22/2016,0,0,0,45,38
USC00366886,"PHILADELPHIA FRANKLIN INSTITUTE, PA US",11/23/2016,0,0,0,47,37
USC00366886,"PHILADELPHIA FRANKLIN INSTITUTE, PA US",11/24/2016,0,0,0,50,33
USC00366886,"PHILADELPHIA FRANKLIN INSTITUTE, PA US",11/25/2016,0,0,0,55,40
USC00366886,"PHILADELPHIA FRANKLIN INSTITUTE, PA US",11/26/2016,0,0,0,54,46
USC00366886,"PHILADELPHIA FRANKLIN INSTITUTE, PA US",11/27/2016,0,0,0,51,42
USC00366886,"PHILADELPHIA FRANKLIN INSTITUTE, PA US",11/28/2016,0,0,0,50,39
USC00366886,"PHILADELPHIA FRANKLIN INSTITUTE, PA US",11/29/2016,0.24,0,0,56,38
USC00366886,"PHILADELPHIA FRANKLIN INSTITUTE, PA US",11/30/2016,0.73,0,0,60,48
USC00366886,"PHILADELPHIA FRANKLIN INSTITUTE, PA US",12/1/2016,2.25,0,0,60,55
USC00366886,"PHILADELPHIA FRANKLIN INSTITUTE, PA US",12/2/2016,0,0,0,62,43
USC00366886,"PHILADELPHIA FRANKLIN INSTITUTE, PA US",12/3/2016,0,0,0,52,40
USC00366886,"PHILADELPHIA FRANKLIN INSTITUTE, PA US",12/4/2016,0,0,0,51,42
USC00366886,"PHILADELPHIA FRANKLIN INSTITUTE, PA US",12/5/2016,0.15,0,0,48,42
USC00366886,"PHILADELPHIA FRANKLIN INSTITUTE, PA US",12/6/2016,0,0,0,52,38
USC00366886,"PHILADELPHIA FRANKLIN INSTITUTE, PA US",12/7/2016,0.86,0,0,45,38
USC00366886,"PHILADELPHIA FRANKLIN INSTITUTE, PA US",12/8/2016,0,0,0,47,40
USC00366886,"PHILADELPHIA FRANKLIN INSTITUTE, PA US",12/9/2016,0,0,0,45,32
USC00366886,"PHILADELPHIA FRANKLIN INSTITUTE, PA US",12/10/2016,0,0,0,38,30
USC00366886,"PHILADELPHIA FRANKLIN INSTITUTE, PA US",12/11/2016,0,0,0,38,28
USC00366886,"PHILADELPHIA FRANKLIN INSTITUTE, PA US",12/12/2016,0.56,0,0,35,29
USC00366886,"PHILADELPHIA FRANKLIN INSTITUTE, PA US",12/13/2016,0,0,0,51,34
USC00366886,"PHILADELPHIA FRANKLIN INSTITUTE, PA US",12/14/2016,0,0,0,45,36
USC00366886,"PHILADELPHIA FRANKLIN INSTITUTE, PA US",12/15/2016,0.02,0.3,0,44,23
USC00366886,"PHILADELPHIA FRANKLIN INSTITUTE, PA US",12/16/2016,0,0,0,37,18
USC00366886,"PHILADELPHIA FRANKLIN INSTITUTE, PA US",12/17/2016,0.55,0.4,0,31,15
USC00366886,"PHILADELPHIA FRANKLIN INSTITUTE, PA US",12/18/2016,0.66,0,0,40,25
USC00366886,"PHILADELPHIA FRANKLIN INSTITUTE, PA US",12/19/2016,0,0,0,60,35
USC00366886,"PHILADELPHIA FRANKLIN INSTITUTE, PA US",12/20/2016,0,0,0,35,25
USC00366886,"PHILADELPHIA FRANKLIN INSTITUTE, PA US",12/21/2016,0,0,0,36,21
USC00366886,"PHILADELPHIA FRANKLIN INSTITUTE, PA US",12/22/2016,0,0,0,45,29
USC00366886,"PHILADELPHIA FRANKLIN INSTITUTE, PA US",12/23/2016,0,0,0,53,36
USC00366886,"PHILADELPHIA FRANKLIN INSTITUTE, PA US",12/24/2016,0.37,0,0,47,35
USC00366886,"PHILADELPHIA FRANKLIN INSTITUTE, PA US",12/25/2016,0,0,0,47,38
USC00366886,"PHILADELPHIA FRANKLIN INSTITUTE, PA US",12/26/2016,0,0,0,50,37
USC00366886,"PHILADELPHIA FRANKLIN INSTITUTE, PA US",12/27/2016,0.05,0,0,56,36
USC00366886,"PHILADELPHIA FRANKLIN INSTITUTE, PA US",12/28/2016,0,0,0,64,48
USC00366886,"PHILADELPHIA FRANKLIN INSTITUTE, PA US",12/29/2016,0,0,0,48,36
USC00366886,"PHILADELPHIA FRANKLIN INSTITUTE, PA US",12/30/2016,0.41,0,0,45,34
USC00366886,"PHILADELPHIA FRANKLIN INSTITUTE, PA US",12/31/2016,0,0,0,42,34
USC00366886,"PHILADELPHIA FRANKLIN INSTITUTE, PA US",1/1/2017,0,0,0,45,31
USC00366886,"PHILADELPHIA FRANKLIN INSTITUTE, PA US",1/2/2017,0.16,0,0,53,41
USC00366886,"PHILADELPHIA FRANKLIN INSTITUTE, PA US",1/3/2017,0.2,0,0,43,38
USC00366886,"PHILADELPHIA FRANKLIN INSTITUTE, PA US",1/4/2017,0.01,0,0,47,41
USC00366886,"PHILADELPHIA FRANKLIN INSTITUTE, PA US",1/5/2017,0,0,0,54,36
USC00366886,"PHILADELPHIA FRANKLIN INSTITUTE, PA US",1/6/2017,0.8,1.6,2,36,28
USC00366886,"PHILADELPHIA FRANKLIN INSTITUTE, PA US",1/7/2017,0.02,0.5,1,33,25
USC00366886,"PHILADELPHIA FRANKLIN INSTITUTE, PA US",1/8/2017,0.08,1.5,2,26,20
USC00366886,"PHILADELPHIA FRANKLIN INSTITUTE, PA US",1/9/2017,0,0,0,25,15
USC00366886,"PHILADELPHIA FRANKLIN INSTITUTE, PA US",1/10/2017,0,0,0,25,15
USC00366886,"PHILADELPHIA FRANKLIN INSTITUTE, PA US",1/11/2017,0.25,0,0,40,20
USC00366886,"PHILADELPHIA FRANKLIN INSTITUTE, PA US",1/12/2017,0.22,0,0,53,40
USC00366886,"PHILADELPHIA FRANKLIN INSTITUTE, PA US",1/13/2017,0,0,0,66,47
USC00366886,"PHILADELPHIA FRANKLIN INSTITUTE, PA US",1/14/2017,0,0,0,62,35
USC00366886,"PHILADELPHIA FRANKLIN INSTITUTE, PA US",1/15/2017,0,0,0,36,30
USC00366886,"PHILADELPHIA FRANKLIN INSTITUTE, PA US",1/16/2017,0,0,0,41,31
USC00366886,"PHILADELPHIA FRANKLIN INSTITUTE, PA US",1/17/2017,0,0,0,44,27
USC00366886,"PHILADELPHIA FRANKLIN INSTITUTE, PA US",1/18/2017,0.58,0,0,45,38
USC00366886,"PHILADELPHIA FRANKLIN INSTITUTE, PA US",1/19/2017,0,0,0,47,40
USC00366886,"PHILADELPHIA FRANKLIN INSTITUTE, PA US",1/20/2017,0,0,0,48,42
USC00366886,"PHILADELPHIA FRANKLIN INSTITUTE, PA US",1/21/2017,0,0,0,43,37
USC00366886,"PHILADELPHIA FRANKLIN INSTITUTE, PA US",1/22/2017,0,0,0,47,43
USC00366886,"PHILADELPHIA FRANKLIN INSTITUTE, PA US",1/23/2017,0.02,0,0,50,45
USC00366886,"PHILADELPHIA FRANKLIN INSTITUTE, PA US",1/24/2017,0.88,0,0,46,37
USC00366886,"PHILADELPHIA FRANKLIN INSTITUTE, PA US",1/25/2017,0,0,0,45,36
USC00366886,"PHILADELPHIA FRANKLIN INSTITUTE, PA US",1/26/2017,0,0,0,55,40
USC00366886,"PHILADELPHIA FRANKLIN INSTITUTE, PA US",1/27/2017,0,0,0,55,43
USC00366886,"PHILADELPHIA FRANKLIN INSTITUTE, PA US",1/28/2017,0,0,0,44,35
USC00366886,"PHILADELPHIA FRANKLIN INSTITUTE, PA US",1/29/2017,0,0,0,40,34
USC00366886,"PHILADELPHIA FRANKLIN INSTITUTE, PA US",1/30/2017,0,0,0,40,34
USC00366886,"PHILADELPHIA FRANKLIN INSTITUTE, PA US",1/31/2017,0.1,0,0,39,30
USC00366886,"PHILADELPHIA FRANKLIN INSTITUTE, PA US",2/1/2017,0,0,0,40,27
USC00366886,"PHILADELPHIA FRANKLIN INSTITUTE, PA US",2/2/2017,0,0,0,49,37
USC00366886,"PHILADELPHIA FRANKLIN INSTITUTE, PA US",2/3/2017,0,0,0,47,34
USC00366886,"PHILADELPHIA FRANKLIN INSTITUTE, PA US",2/4/2017,0,0,0,47,34
USC00366886,"PHILADELPHIA FRANKLIN INSTITUTE, PA US",2/5/2017,0,0,0,36,22
USC00366886,"PHILADELPHIA FRANKLIN INSTITUTE, PA US",2/6/2017,0,0,0,43,30
USC00366886,"PHILADELPHIA FRANKLIN INSTITUTE, PA US",2/7/2017,0,0,0,55,39
USC00366886,"PHILADELPHIA FRANKLIN INSTITUTE, PA US",2/8/2017,0,0,0,50,42
USC00366886,"PHILADELPHIA FRANKLIN INSTITUTE, PA US",2/9/2017,0.6,1.5,2,66,42
USC00366886,"PHILADELPHIA FRANKLIN INSTITUTE, PA US",2/10/2017,0,0.1,2,49,23
USC00366886,"PHILADELPHIA FRANKLIN INSTITUTE, PA US",2/11/2017,0,0,1,33,22
USC00366886,"PHILADELPHIA FRANKLIN INSTITUTE, PA US",2/12/2017,0.23,0,0,46,33
USC00366886,"PHILADELPHIA FRANKLIN INSTITUTE, PA US",2/13/2017,0,0,0,41,33
USC00366886,"PHILADELPHIA FRANKLIN INSTITUTE, PA US",2/14/2017,0,0,0,45,30
USC00366886,"PHILADELPHIA FRANKLIN INSTITUTE, PA US",2/15/2017,0,0,0,45,30
USC00366886,"PHILADELPHIA FRANKLIN INSTITUTE, PA US",2/16/2017,0,0,0,52,36
USC00366886,"PHILADELPHIA FRANKLIN INSTITUTE, PA US",2/17/2017,0,0,0,39,31
USC00366886,"PHILADELPHIA FRANKLIN INSTITUTE, PA US",2/18/2017,0,0,0,47,28
USC00366886,"PHILADELPHIA FRANKLIN INSTITUTE, PA US",2/19/2017,0,0,0,68,33
USC00366886,"PHILADELPHIA FRANKLIN INSTITUTE, PA US",2/20/2017,0,0,0,71,55
USC00366886,"PHILADELPHIA FRANKLIN INSTITUTE, PA US",2/21/2017,0,0,0,59,45
USC00366886,"PHILADELPHIA FRANKLIN INSTITUTE, PA US",2/22/2017,0,0,0,54,37
USC00366886,"PHILADELPHIA FRANKLIN INSTITUTE, PA US",2/23/2017,0,0,0,60,42
USC00366886,"PHILADELPHIA FRANKLIN INSTITUTE, PA US",2/24/2017,0,0,0,73,49
USC00366886,"PHILADELPHIA FRANKLIN INSTITUTE, PA US",2/25/2017,0,0,0,75,56
USC00366886,"PHILADELPHIA FRANKLIN INSTITUTE, PA US",2/26/2017,0.54,0,0,74,36
USC00366886,"PHILADELPHIA FRANKLIN INSTITUTE, PA US",2/27/2017,0,0,0,48,36
USC00366886,"PHILADELPHIA FRANKLIN INSTITUTE, PA US",2/28/2017,0,0,0,54,35
USC00366886,"PHILADELPHIA FRANKLIN INSTITUTE, PA US",3/1/2017,0,0,0,54,35
USC00366886,"PHILADELPHIA FRANKLIN INSTITUTE, PA US",3/2/2017,0,0,0,73,54
USC00366886,"PHILADELPHIA FRANKLIN INSTITUTE, PA US",3/3/2017,0,0,0,63,38
USC00366886,"PHILADELPHIA FRANKLIN INSTITUTE, PA US",3/4/2017,0,0,0,41,29
USC00366886,"PHILADELPHIA FRANKLIN INSTITUTE, PA US",3/5/2017,0,0,0,36,22
USC00366886,"PHILADELPHIA FRANKLIN INSTITUTE, PA US",3/6/2017,0,0,0,39,15
USC00366886,"PHILADELPHIA FRANKLIN INSTITUTE, PA US",3/7/2017,0.02,0,0,52,29
USC00366886,"PHILADELPHIA FRANKLIN INSTITUTE, PA US",3/8/2017,0,0,0,66,43
USC00366886,"PHILADELPHIA FRANKLIN INSTITUTE, PA US",3/9/2017,0,0,0,64,49
USC00366886,"PHILADELPHIA FRANKLIN INSTITUTE, PA US",3/10/2017,0.14,0,0,68,33
USC00366886,"PHILADELPHIA FRANKLIN INSTITUTE, PA US",3/11/2017,0.14,0,0,51,29
USC00366886,"PHILADELPHIA FRANKLIN INSTITUTE, PA US",3/12/2017,0,0,0,32,20
USC00366886,"PHILADELPHIA FRANKLIN INSTITUTE, PA US",3/13/2017,0,0,0,34,23
USC00366886,"PHILADELPHIA FRANKLIN INSTITUTE, PA US",3/14/2017,1.54,4,4,42,23
USC00366886,"PHILADELPHIA FRANKLIN INSTITUTE, PA US",3/15/2017,0,0,4,33,23
USC00366886,"PHILADELPHIA FRANKLIN INSTITUTE, PA US",3/16/2017,0,0,0,31,20
USC00366886,"PHILADELPHIA FRANKLIN INSTITUTE, PA US",3/17/2017,0,0,0,39,25
USC00366886,"PHILADELPHIA FRANKLIN INSTITUTE, PA US",3/18/2017,0,0,0,45,29
USC00366886,"PHILADELPHIA FRANKLIN INSTITUTE, PA US",3/19/2017,0,0,0,41,36
USC00366886,"PHILADELPHIA FRANKLIN INSTITUTE, PA US",3/20/2017,0,0,0,50,35
USC00366886,"PHILADELPHIA FRANKLIN INSTITUTE, PA US",3/21/2017,0,0,0,54,34
USC00366886,"PHILADELPHIA FRANKLIN INSTITUTE, PA US",3/22/2017,0,0,0,60,43
USC00366886,"PHILADELPHIA FRANKLIN INSTITUTE, PA US",3/23/2017,0,0,0,53,28
USC00366886,"PHILADELPHIA FRANKLIN INSTITUTE, PA US",3/24/2017,0,0,0,48,24
USC00366886,"PHILADELPHIA FRANKLIN INSTITUTE, PA US",3/25/2017,0,0,0,57,34
USC00366886,"PHILADELPHIA FRANKLIN INSTITUTE, PA US",3/26/2017,0.02,0,0,77,45
USC00366886,"PHILADELPHIA FRANKLIN INSTITUTE, PA US",3/27/2017,0,0,0,45,40
USC00366886,"PHILADELPHIA FRANKLIN INSTITUTE, PA US",3/28/2017,0.77,0,0,61,41
USC00366886,"PHILADELPHIA FRANKLIN INSTITUTE, PA US",3/29/2017,0.3,0,0,53,48
USC00366886,"PHILADELPHIA FRANKLIN INSTITUTE, PA US",3/30/2017,0,0,0,52,37
USC00366886,"PHILADELPHIA FRANKLIN INSTITUTE, PA US",3/31/2017,0.45,0,0,52,42
USC00366886,"PHILADELPHIA FRANKLIN INSTITUTE, PA US",4/1/2017,1.3,0,0,47,42
USC00366886,"PHILADELPHIA FRANKLIN INSTITUTE, PA US",4/2/2017,0,0,0,52,38
USC00366886,"PHILADELPHIA FRANKLIN INSTITUTE, PA US",4/3/2017,0,0,0,64,41
USC00366886,"PHILADELPHIA FRANKLIN INSTITUTE, PA US",4/4/2017,0.4,0,0,70,49
USC00366886,"PHILADELPHIA FRANKLIN INSTITUTE, PA US",4/5/2017,0,0,0,77,51
USC00366886,"PHILADELPHIA FRANKLIN INSTITUTE, PA US",4/6/2017,0.09,0,0,70,50
USC00366886,"PHILADELPHIA FRANKLIN INSTITUTE, PA US",4/7/2017,1.58,0,0,59,45
USC00366886,"PHILADELPHIA FRANKLIN INSTITUTE, PA US",4/8/2017,0,0,0,51,41
USC00366886,"PHILADELPHIA FRANKLIN INSTITUTE, PA US",4/9/2017,0,0,0,60,39
USC00366886,"PHILADELPHIA FRANKLIN INSTITUTE, PA US",4/10/2017,0,0,0,71,42
USC00366886,"PHILADELPHIA FRANKLIN INSTITUTE, PA US",4/11/2017,0,0,0,81,50
USC00366886,"PHILADELPHIA FRANKLIN INSTITUTE, PA US",4/12/2017,0,0,0,85,59
USC00366886,"PHILADELPHIA FRANKLIN INSTITUTE, PA US",4/13/2017,0,0,0,78,62
USC00366886,"PHILADELPHIA FRANKLIN INSTITUTE, PA US",4/14/2017,0,0,0,67,49
USC00366886,"PHILADELPHIA FRANKLIN INSTITUTE, PA US",4/15/2017,0,0,0,70,50
USC00366886,"PHILADELPHIA FRANKLIN INSTITUTE, PA US",4/16/2017,0,0,0,68,50
USC00366886,"PHILADELPHIA FRANKLIN INSTITUTE, PA US",4/17/2017,0.02,0,0,88,60
USC00366886,"PHILADELPHIA FRANKLIN INSTITUTE, PA US",4/18/2017,0.03,0,0,73,61
USC00366886,"PHILADELPHIA FRANKLIN INSTITUTE, PA US",4/19/2017,0,0,0,71,50
USC00366886,"PHILADELPHIA FRANKLIN INSTITUTE, PA US",4/20/2017,0,0,0,71,50
USC00366886,"PHILADELPHIA FRANKLIN INSTITUTE, PA US",4/21/2017,0.24,0,0,77,54
USC00366886,"PHILADELPHIA FRANKLIN INSTITUTE, PA US",4/22/2017,0.15,0,0,62,51
USC00366886,"PHILADELPHIA FRANKLIN INSTITUTE, PA US",4/23/2017,0.16,0,0,57,50
USC00366886,"PHILADELPHIA FRANKLIN INSTITUTE, PA US",4/24/2017,0,0,0,67,46
USC00366886,"PHILADELPHIA FRANKLIN INSTITUTE, PA US",4/25/2017,0.03,0,0,60,50
USC00366886,"PHILADELPHIA FRANKLIN INSTITUTE, PA US",4/26/2017,0.73,0,0,57,52
USC00366886,"PHILADELPHIA FRANKLIN INSTITUTE, PA US",4/27/2017,0,0,0,66,57
USC00366886,"PHILADELPHIA FRANKLIN INSTITUTE, PA US",4/28/2017,0.03,0,0,82,65
USC00366886,"PHILADELPHIA FRANKLIN INSTITUTE, PA US",4/29/2017,0.02,0,0,87,69
USC00366886,"PHILADELPHIA FRANKLIN INSTITUTE, PA US",4/30/2017,0.05,0,0,89,65
USC00366886,"PHILADELPHIA FRANKLIN INSTITUTE, PA US",5/1/2017,0,0,0,73,50
USC00366886,"PHILADELPHIA FRANKLIN INSTITUTE, PA US",5/2/2017,0.05,0,0,84,58
USC00366886,"PHILADELPHIA FRANKLIN INSTITUTE, PA US",5/3/2017,0,0,0,76,59
USC00366886,"PHILADELPHIA FRANKLIN INSTITUTE, PA US",5/4/2017,0,0,0,67,51
USC00366886,"PHILADELPHIA FRANKLIN INSTITUTE, PA US",5/5/2017,0.21,0,0,67,53
USC00366886,"PHILADELPHIA FRANKLIN INSTITUTE, PA US",5/6/2017,1.2,0,0,70,58
USC00366886,"PHILADELPHIA FRANKLIN INSTITUTE, PA US",5/7/2017,0,0,0,65,50
USC00366886,"PHILADELPHIA FRANKLIN INSTITUTE, PA US",5/8/2017,0.05,0,0,56,43
USC00366886,"PHILADELPHIA FRANKLIN INSTITUTE, PA US",5/9/2017,0,0,0,61,46
USC00366886,"PHILADELPHIA FRANKLIN INSTITUTE, PA US",5/10/2017,0,0,0,65,52
USC00366886,"PHILADELPHIA FRANKLIN INSTITUTE, PA US",5/11/2017,0,0,0,71,50
USC00366886,"PHILADELPHIA FRANKLIN INSTITUTE, PA US",5/12/2017,0,0,0,61,50
USC00366886,"PHILADELPHIA FRANKLIN INSTITUTE, PA US",5/13/2017,1.2,0,0,60,49
USC00366886,"PHILADELPHIA FRANKLIN INSTITUTE, PA US",5/14/2017,0.9,0,0,57,47
USC00366886,"PHILADELPHIA FRANKLIN INSTITUTE, PA US",5/15/2017,0,0,0,73,52
USC00366886,"PHILADELPHIA FRANKLIN INSTITUTE, PA US",5/16/2017,0,0,0,73,57
USC00366886,"PHILADELPHIA FRANKLIN INSTITUTE, PA US",5/17/2017,0,0,0,74,57
USC00366886,"PHILADELPHIA FRANKLIN INSTITUTE, PA US",5/18/2017,0,0,0,93,63
USC00366886,"PHILADELPHIA FRANKLIN INSTITUTE, PA US",5/19/2017,0,0,0,94,74
USC00366886,"PHILADELPHIA FRANKLIN INSTITUTE, PA US",5/20/2017,0.12,0,0,94,61
USC00366886,"PHILADELPHIA FRANKLIN INSTITUTE, PA US",5/21/2017,0,0,0,79,57
USC00366886,"PHILADELPHIA FRANKLIN INSTITUTE, PA US",5/22/2017,0.06,0,0,74,53
USC00366886,"PHILADELPHIA FRANKLIN INSTITUTE, PA US",5/23/2017,0.4,0,0,65,55
USC00366886,"PHILADELPHIA FRANKLIN INSTITUTE, PA US",5/24/2017,0.17,0,0,67,60
USC00366886,"PHILADELPHIA FRANKLIN INSTITUTE, PA US",5/25/2017,0.83,0,0,71,55
USC00366886,"PHILADELPHIA FRANKLIN INSTITUTE, PA US",5/26/2017,1.85,0,0,66,54
USC00366886,"PHILADELPHIA FRANKLIN INSTITUTE, PA US",5/27/2017,0,0,0,76,58
USC00366886,"PHILADELPHIA FRANKLIN INSTITUTE, PA US",5/28/2017,0,0,0,75,59
USC00366886,"PHILADELPHIA FRANKLIN INSTITUTE, PA US",5/29/2017,0.4,0,0,79,58
USC00366886,"PHILADELPHIA FRANKLIN INSTITUTE, PA US",5/30/2017,0.06,0,0,62,57
USC00366886,"PHILADELPHIA FRANKLIN INSTITUTE, PA US",5/31/2017,0.06,0,0,62,56
USC00366886,"PHILADELPHIA FRANKLIN INSTITUTE, PA US",6/1/2017,0,0,0,82,60
USC00366886,"PHILADELPHIA FRANKLIN INSTITUTE, PA US",6/2/2017,0,0,0,83,65
USC00366886,"PHILADELPHIA FRANKLIN INSTITUTE, PA US",6/3/2017,0.02,0,0,81,61
USC00366886,"PHILADELPHIA FRANKLIN INSTITUTE, PA US",6/4/2017,0,0,0,77,59
USC00366886,"PHILADELPHIA FRANKLIN INSTITUTE, PA US",6/5/2017,0,0,0,81,59
USC00366886,"PHILADELPHIA FRANKLIN INSTITUTE, PA US",6/6/2017,0.64,0,0,74,66
USC00366886,"PHILADELPHIA FRANKLIN INSTITUTE, PA US",6/7/2017,0,0,0,67,56
USC00366886,"PHILADELPHIA FRANKLIN INSTITUTE, PA US",6/8/2017,0,0,0,66,53
USC00366886,"PHILADELPHIA FRANKLIN INSTITUTE, PA US",6/9/2017,0,0,0,71,55
USC00366886,"PHILADELPHIA FRANKLIN INSTITUTE, PA US",6/10/2017,0,0,0,84,55
USC00366886,"PHILADELPHIA FRANKLIN INSTITUTE, PA US",6/11/2017,0,0,0,89,67
USC00366886,"PHILADELPHIA FRANKLIN INSTITUTE, PA US",6/12/2017,0,0,0,95,71
USC00366886,"PHILADELPHIA FRANKLIN INSTITUTE, PA US",6/13/2017,0,0,0,96,76
USC00366886,"PHILADELPHIA FRANKLIN INSTITUTE, PA US",6/14/2017,0.02,0,0,98,77
USC00366886,"PHILADELPHIA FRANKLIN INSTITUTE, PA US",6/15/2017,0,0,0,84,71
USC00366886,"PHILADELPHIA FRANKLIN INSTITUTE, PA US",6/16/2017,0,0,0,85,65
USC00366886,"PHILADELPHIA FRANKLIN INSTITUTE, PA US",6/17/2017,0.02,0,0,81,65
USC00366886,"PHILADELPHIA FRANKLIN INSTITUTE, PA US",6/18/2017,0,0,0,81,68
USC00366886,"PHILADELPHIA FRANKLIN INSTITUTE, PA US",6/19/2017,0.13,0,0,90,75
USC00366886,"PHILADELPHIA FRANKLIN INSTITUTE, PA US",6/20/2017,0.7,0,0,91,71
USC00366886,"PHILADELPHIA FRANKLIN INSTITUTE, PA US",6/21/2017,0,0,0,88,72
USC00366886,"PHILADELPHIA FRANKLIN INSTITUTE, PA US",6/22/2017,0.19,0,0,90,69
USC00366886,"PHILADELPHIA FRANKLIN INSTITUTE, PA US",6/23/2017,0.01,0,0,90,69
USC00366886,"PHILADELPHIA FRANKLIN INSTITUTE, PA US",6/24/2017,1.2,0,0,90,75
USC00366886,"PHILADELPHIA FRANKLIN INSTITUTE, PA US",6/25/2017,0,0,0,88,70
USC00366886,"PHILADELPHIA FRANKLIN INSTITUTE, PA US",6/26/2017,0,0,0,87,71
USC00366886,"PHILADELPHIA FRANKLIN INSTITUTE, PA US",6/27/2017,0,0,0,84,66
USC00366886,"PHILADELPHIA FRANKLIN INSTITUTE, PA US",6/28/2017,0,0,0,81,62
USC00366886,"PHILADELPHIA FRANKLIN INSTITUTE, PA US",6/29/2017,0.23,0,0,82,61
USC00366886,"PHILADELPHIA FRANKLIN INSTITUTE, PA US",6/30/2017,0,0,0,89,68
USC00366886,"PHILADELPHIA FRANKLIN INSTITUTE, PA US",7/1/2017,0,0,0,94,74
USC00366886,"PHILADELPHIA FRANKLIN INSTITUTE, PA US",7/2/2017,0.67,0,0,89,73
USC00366886,"PHILADELPHIA FRANKLIN INSTITUTE, PA US",7/3/2017,0,0,0,92,73
USC00366886,"PHILADELPHIA FRANKLIN INSTITUTE, PA US",7/4/2017,0,0,0,93,76
USC00366886,"PHILADELPHIA FRANKLIN INSTITUTE, PA US",7/5/2017,0.47,0,0,92,72
USC00366886,"PHILADELPHIA FRANKLIN INSTITUTE, PA US",7/6/2017,0,0,0,84,72
USC00366886,"PHILADELPHIA FRANKLIN INSTITUTE, PA US",7/7/2017,0.27,0,0,74,70
USC00366886,"PHILADELPHIA FRANKLIN INSTITUTE, PA US",7/8/2017,0.44,0,0,87,69
USC00366886,"PHILADELPHIA FRANKLIN INSTITUTE, PA US",7/9/2017,0,0,0,88,71
USC00366886,"PHILADELPHIA FRANKLIN INSTITUTE, PA US",7/10/2017,0,0,0,86,68
USC00366886,"PHILADELPHIA FRANKLIN INSTITUTE, PA US",7/11/2017,0,0,0,89,70
USC00366886,"PHILADELPHIA FRANKLIN INSTITUTE, PA US",7/12/2017,0,0,0,92,76
USC00366886,"PHILADELPHIA FRANKLIN INSTITUTE, PA US",7/13/2017,0,0,0,92,79
USC00366886,"PHILADELPHIA FRANKLIN INSTITUTE, PA US",7/14/2017,0.19,0,0,95,76
USC00366886,"PHILADELPHIA FRANKLIN INSTITUTE, PA US",7/15/2017,0.23,0,0,79,72
USC00366886,"PHILADELPHIA FRANKLIN INSTITUTE, PA US",7/16/2017,0,0,0,88,73
USC00366886,"PHILADELPHIA FRANKLIN INSTITUTE, PA US",7/17/2017,0,0,0,89,69
USC00366886,"PHILADELPHIA FRANKLIN INSTITUTE, PA US",7/18/2017,0,0,0,92,74
USC00366886,"PHILADELPHIA FRANKLIN INSTITUTE, PA US",7/19/2017,0,0,0,94,74
USC00366886,"PHILADELPHIA FRANKLIN INSTITUTE, PA US",7/20/2017,0,0,0,96,77
USC00366886,"PHILADELPHIA FRANKLIN INSTITUTE, PA US",7/21/2017,0,0,0,96,80
USC00366886,"PHILADELPHIA FRANKLIN INSTITUTE, PA US",7/22/2017,0,0,0,95,78
USC00366886,"PHILADELPHIA FRANKLIN INSTITUTE, PA US",7/23/2017,0.77,0,0,96,75
USC00366886,"PHILADELPHIA FRANKLIN INSTITUTE, PA US",7/24/2017,1.22,0,0,86,72
USC00366886,"PHILADELPHIA FRANKLIN INSTITUTE, PA US",7/25/2017,0.64,0,0,90,69
USC00366886,"PHILADELPHIA FRANKLIN INSTITUTE, PA US",7/26/2017,0,0,0,78,66
USC00366886,"PHILADELPHIA FRANKLIN INSTITUTE, PA US",7/27/2017,0,0,0,79,67
USC00366886,"PHILADELPHIA FRANKLIN INSTITUTE, PA US",7/28/2017,0,0,0,83,68
USC00366886,"PHILADELPHIA FRANKLIN INSTITUTE, PA US",7/29/2017,0.41,0,0,86,67
USC00366886,"PHILADELPHIA FRANKLIN INSTITUTE, PA US",7/30/2017,0,0,0,77,66
USC00366886,"PHILADELPHIA FRANKLIN INSTITUTE, PA US",7/31/2017,0,0,0,85,62
USC00366886,"PHILADELPHIA FRANKLIN INSTITUTE, PA US",8/1/2017,0,0,0,90,67
USC00366886,"PHILADELPHIA FRANKLIN INSTITUTE, PA US",8/2/2017,0,0,0,93,72
USC00366886,"PHILADELPHIA FRANKLIN INSTITUTE, PA US",8/3/2017,0.45,0,0,91,70
USC00366886,"PHILADELPHIA FRANKLIN INSTITUTE, PA US",8/4/2017,0,0,0,90,69
USC00366886,"PHILADELPHIA FRANKLIN INSTITUTE, PA US",8/5/2017,0.92,0,0,93,72
USC00366886,"PHILADELPHIA FRANKLIN INSTITUTE, PA US",8/6/2017,0,0,0,79,68
USC00366886,"PHILADELPHIA FRANKLIN INSTITUTE, PA US",8/7/2017,0.52,0,0,80,64
USC00366886,"PHILADELPHIA FRANKLIN INSTITUTE, PA US",8/8/2017,0.53,0,0,73,67
USC00366886,"PHILADELPHIA FRANKLIN INSTITUTE, PA US",8/9/2017,0,0,0,81,67
USC00366886,"PHILADELPHIA FRANKLIN INSTITUTE, PA US",8/10/2017,0,0,0,87,65
USC00366886,"PHILADELPHIA FRANKLIN INSTITUTE, PA US",8/11/2017,0,0,0,86,78
USC00366886,"PHILADELPHIA FRANKLIN INSTITUTE, PA US",8/12/2017,0.13,0,0,86,72
USC00366886,"PHILADELPHIA FRANKLIN INSTITUTE, PA US",8/13/2017,0,0,0,85,70
USC00366886,"PHILADELPHIA FRANKLIN INSTITUTE, PA US",8/14/2017,0,0,0,86,69
USC00366886,"PHILADELPHIA FRANKLIN INSTITUTE, PA US",8/15/2017,0.14,,,85,68
USC00366886,"PHILADELPHIA FRANKLIN INSTITUTE, PA US",8/16/2017,0,0,0,78,71
USC00366886,"PHILADELPHIA FRANKLIN INSTITUTE, PA US",8/17/2017,0,0,0,90,70
USC00366886,"PHILADELPHIA FRANKLIN INSTITUTE, PA US",8/18/2017,0,0,0,91,71
USC00366886,"PHILADELPHIA FRANKLIN INSTITUTE, PA US",8/19/2017,0.72,0,0,90,75
USC00366886,"PHILADELPHIA FRANKLIN INSTITUTE, PA US",8/20/2017,0,0,0,90,75
USC00366886,"PHILADELPHIA FRANKLIN INSTITUTE, PA US",8/21/2017,0,0,0,86,68
USC00366886,"PHILADELPHIA FRANKLIN INSTITUTE, PA US",8/22/2017,0,0,0,89,71
USC00366886,"PHILADELPHIA FRANKLIN INSTITUTE, PA US",8/23/2017,0.8,0,0,93,73
USC00366886,"PHILADELPHIA FRANKLIN INSTITUTE, PA US",8/24/2017,0,0,0,84,71
USC00366886,"PHILADELPHIA FRANKLIN INSTITUTE, PA US",8/25/2017,0,0,0,84,65
USC00366886,"PHILADELPHIA FRANKLIN INSTITUTE, PA US",8/26/2017,0,0,0,80,65
USC00366886,"PHILADELPHIA FRANKLIN INSTITUTE, PA US",8/27/2017,0,0,0,81,66
USC00366886,"PHILADELPHIA FRANKLIN INSTITUTE, PA US",8/28/2017,0,0,0,78,61
USC00366886,"PHILADELPHIA FRANKLIN INSTITUTE, PA US",8/29/2017,0.08,0,0,75,62
USC00366886,"PHILADELPHIA FRANKLIN INSTITUTE, PA US",8/30/2017,0.73,0,0,67,62
USC00366886,"PHILADELPHIA FRANKLIN INSTITUTE, PA US",8/31/2017,0,0,0,79,60
USC00366886,"PHILADELPHIA FRANKLIN INSTITUTE, PA US",9/1/2017,0,0,0,87,66
USC00366886,"PHILADELPHIA FRANKLIN INSTITUTE, PA US",9/2/2017,0,0,0,71,57
USC00366886,"PHILADELPHIA FRANKLIN INSTITUTE, PA US",9/3/2017,0.5,0,0,66,57
USC00366886,"PHILADELPHIA FRANKLIN INSTITUTE, PA US",9/4/2017,0,0,0,75,60
USC00366886,"PHILADELPHIA FRANKLIN INSTITUTE, PA US",9/5/2017,0,0,0,83,62
USC00366886,"PHILADELPHIA FRANKLIN INSTITUTE, PA US",9/6/2017,0.4,0,0,89,70
USC00366886,"PHILADELPHIA FRANKLIN INSTITUTE, PA US",9/7/2017,0.03,0,0,71,61
USC00366886,"PHILADELPHIA FRANKLIN INSTITUTE, PA US",9/8/2017,0,0,0,74,58
USC00366886,"PHILADELPHIA FRANKLIN INSTITUTE, PA US",9/9/2017,0,0,0,74,58
USC00366886,"PHILADELPHIA FRANKLIN INSTITUTE, PA US",9/10/2017,0,0,0,72,54
USC00366886,"PHILADELPHIA FRANKLIN INSTITUTE, PA US",9/11/2017,0,0,0,75,54
USC00366886,"PHILADELPHIA FRANKLIN INSTITUTE, PA US",9/12/2017,0,0,0,80,56
USC00366886,"PHILADELPHIA FRANKLIN INSTITUTE, PA US",9/13/2017,0,0,0,83,60
USC00366886,"PHILADELPHIA FRANKLIN INSTITUTE, PA US",9/14/2017,0.11,0,0,77,65
USC00366886,"PHILADELPHIA FRANKLIN INSTITUTE, PA US",9/15/2017,0,0,0,84,70
USC00366886,"PHILADELPHIA FRANKLIN INSTITUTE, PA US",9/16/2017,0,0,0,87,66
USC00366886,"PHILADELPHIA FRANKLIN INSTITUTE, PA US",9/17/2017,0.16,0,0,89,68
USC00366886,"PHILADELPHIA FRANKLIN INSTITUTE, PA US",9/18/2017,0,0,0,80,69
USC00366886,"PHILADELPHIA FRANKLIN INSTITUTE, PA US",9/19/2017,0,0,0,80,68
USC00366886,"PHILADELPHIA FRANKLIN INSTITUTE, PA US",9/20/2017,0.12,0,0,79,70
USC00366886,"PHILADELPHIA FRANKLIN INSTITUTE, PA US",9/21/2017,0,0,0,87,70
USC00366886,"PHILADELPHIA FRANKLIN INSTITUTE, PA US",9/22/2017,0.09,0,0,88,70
USC00366886,"PHILADELPHIA FRANKLIN INSTITUTE, PA US",9/23/2017,0,0,0,84,69
USC00366886,"PHILADELPHIA FRANKLIN INSTITUTE, PA US",9/24/2017,0,0,0,90,68
USC00366886,"PHILADELPHIA FRANKLIN INSTITUTE, PA US",9/25/2017,0,,,92,70
USC00366886,"PHILADELPHIA FRANKLIN INSTITUTE, PA US",9/26/2017,0,0,0,90,72
USC00366886,"PHILADELPHIA FRANKLIN INSTITUTE, PA US",9/27/2017,0,0,0,84,67
USC00366886,"PHILADELPHIA FRANKLIN INSTITUTE, PA US",9/28/2017,0,0,0,89,71
USC00366886,"PHILADELPHIA FRANKLIN INSTITUTE, PA US",9/29/2017,0,0,0,79,62
USC00366886,"PHILADELPHIA FRANKLIN INSTITUTE, PA US",9/30/2017,0,0,0,73,55
USC00366886,"PHILADELPHIA FRANKLIN INSTITUTE, PA US",10/1/2017,0,,,69,49
USC00366886,"PHILADELPHIA FRANKLIN INSTITUTE, PA US",10/2/2017,0,,,75,51
USC00366886,"PHILADELPHIA FRANKLIN INSTITUTE, PA US",10/3/2017,0,,,75,52
USC00366886,"PHILADELPHIA FRANKLIN INSTITUTE, PA US",10/4/2017,0,,,76,54
USC00366886,"PHILADELPHIA FRANKLIN INSTITUTE, PA US",10/5/2017,0,,,82,62
USC00366886,"PHILADELPHIA FRANKLIN INSTITUTE, PA US",10/6/2017,0,,,82,67
USC00366886,"PHILADELPHIA FRANKLIN INSTITUTE, PA US",10/7/2017,0,,,84,65
USC00366886,"PHILADELPHIA FRANKLIN INSTITUTE, PA US",10/8/2017,0.02,,,87,74
USC00366886,"PHILADELPHIA FRANKLIN INSTITUTE, PA US",10/9/2017,0.66,,,81,74
USC00366886,"PHILADELPHIA FRANKLIN INSTITUTE, PA US",10/10/2017,0,,,84,69
USC00366886,"PHILADELPHIA FRANKLIN INSTITUTE, PA US",10/11/2017,0,,,79,67
USC00366886,"PHILADELPHIA FRANKLIN INSTITUTE, PA US",10/12/2017,0.2,,,67,57
USC00366886,"PHILADELPHIA FRANKLIN INSTITUTE, PA US",10/13/2017,0.01,,,66,57
USC00366886,"PHILADELPHIA FRANKLIN INSTITUTE, PA US",10/14/2017,0,,,73,61
USC00366886,"PHILADELPHIA FRANKLIN INSTITUTE, PA US",10/15/2017,0.01,,,72,65
USC00366886,"PHILADELPHIA FRANKLIN INSTITUTE, PA US",10/16/2017,0.06,,,71,48
USC00366886,"PHILADELPHIA FRANKLIN INSTITUTE, PA US",10/17/2017,0,,,61,42
USC00366886,"PHILADELPHIA FRANKLIN INSTITUTE, PA US",10/18/2017,0,,,72,48
USC00366886,"PHILADELPHIA FRANKLIN INSTITUTE, PA US",10/19/2017,0,,,72,51
USC00366886,"PHILADELPHIA FRANKLIN INSTITUTE, PA US",10/20/2017,0,,,74,55
USC00366886,"PHILADELPHIA FRANKLIN INSTITUTE, PA US",10/21/2017,0,,,79,49
USC00366886,"PHILADELPHIA FRANKLIN INSTITUTE, PA US",10/22/2017,0,,,76,51
USC00366886,"PHILADELPHIA FRANKLIN INSTITUTE, PA US",10/23/2017,0,,,77,59
USC00366886,"PHILADELPHIA FRANKLIN INSTITUTE, PA US",10/24/2017,0.33,,,75,62
USC00366886,"PHILADELPHIA FRANKLIN INSTITUTE, PA US",10/25/2017,0,,,66,52
USC00366886,"PHILADELPHIA FRANKLIN INSTITUTE, PA US",10/26/2017,0,,,58,47
USC00366886,"PHILADELPHIA FRANKLIN INSTITUTE, PA US",10/27/2017,0,,,65,44
USC00366886,"PHILADELPHIA FRANKLIN INSTITUTE, PA US",10/28/2017,0,,,70,49
USC00366886,"PHILADELPHIA FRANKLIN INSTITUTE, PA US",10/29/2017,1.96,,,67,57
USC00366886,"PHILADELPHIA FRANKLIN INSTITUTE, PA US",10/30/2017,0.41,,,57,46
USC00366886,"PHILADELPHIA FRANKLIN INSTITUTE, PA US",10/31/2017,0,,,60,43
USC00366886,"PHILADELPHIA FRANKLIN INSTITUTE, PA US",11/1/2017,0,0,0,60,47
USC00366886,"PHILADELPHIA FRANKLIN INSTITUTE, PA US",11/2/2017,0,0,0,63,44
USC00366886,"PHILADELPHIA FRANKLIN INSTITUTE, PA US",11/3/2017,0,0,0,77,60
USC00366886,"PHILADELPHIA FRANKLIN INSTITUTE, PA US",11/4/2017,0,0,0,74,48
USC00366886,"PHILADELPHIA FRANKLIN INSTITUTE, PA US",11/5/2017,0.2,0,0,59,45
USC00366886,"PHILADELPHIA FRANKLIN INSTITUTE, PA US",11/6/2017,0.15,0,0,69,52
USC00366886,"PHILADELPHIA FRANKLIN INSTITUTE, PA US",11/7/2017,0.23,0,0,70,50
USC00366886,"PHILADELPHIA FRANKLIN INSTITUTE, PA US",11/8/2017,0.45,0,0,50,41
USC00366886,"PHILADELPHIA FRANKLIN INSTITUTE, PA US",11/9/2017,0,0,0,52,40
USC00366886,"PHILADELPHIA FRANKLIN INSTITUTE, PA US",11/10/2017,0.02,0,0,58,38
USC00366886,"PHILADELPHIA FRANKLIN INSTITUTE, PA US",11/11/2017,0,0,0,53,27
USC00366886,"PHILADELPHIA FRANKLIN INSTITUTE, PA US",11/12/2017,0,0,0,41,23
USC00366886,"PHILADELPHIA FRANKLIN INSTITUTE, PA US",11/13/2017,0.36,0,0,48,32
USC00366886,"PHILADELPHIA FRANKLIN INSTITUTE, PA US",11/14/2017,0.26,0,0,45,38
USC00366886,"PHILADELPHIA FRANKLIN INSTITUTE, PA US",11/15/2017,0,0,0,49,36
USC00366886,"PHILADELPHIA FRANKLIN INSTITUTE, PA US",11/16/2017,0.03,0,0,51,37
USC00366886,"PHILADELPHIA FRANKLIN INSTITUTE, PA US",11/17/2017,0,,,60,45
USC00366886,"PHILADELPHIA FRANKLIN INSTITUTE, PA US",11/18/2017,0.03,,,52,41
USC00366886,"PHILADELPHIA FRANKLIN INSTITUTE, PA US",11/19/2017,0.33,0,0,56,38
USC00366886,"PHILADELPHIA FRANKLIN INSTITUTE, PA US",11/20/2017,0,0,0,61,42
USC00366886,"PHILADELPHIA FRANKLIN INSTITUTE, PA US",11/21/2017,0,0,0,48,37
USC00366886,"PHILADELPHIA FRANKLIN INSTITUTE, PA US",11/22/2017,0.08,0,0,58,42
USC00366886,"PHILADELPHIA FRANKLIN INSTITUTE, PA US",11/23/2017,0,0,0,57,39
USC00366886,"PHILADELPHIA FRANKLIN INSTITUTE, PA US",11/24/2017,0,0,0,43,31
USC00366886,"PHILADELPHIA FRANKLIN INSTITUTE, PA US",11/25/2017,0,0,0,53,38
USC00366886,"PHILADELPHIA FRANKLIN INSTITUTE, PA US",11/26/2017,0,0,0,60,40
USC00366886,"PHILADELPHIA FRANKLIN INSTITUTE, PA US",11/27/2017,0,0,0,53,40
USC00366886,"PHILADELPHIA FRANKLIN INSTITUTE, PA US",11/28/2017,0,0,0,53,41
USC00366886,"PHILADELPHIA FRANKLIN INSTITUTE, PA US",11/29/2017,0,0,0,63,39
USC00366886,"PHILADELPHIA FRANKLIN INSTITUTE, PA US",11/30/2017,0.02,,,64,47
USC00366886,"PHILADELPHIA FRANKLIN INSTITUTE, PA US",12/1/2017,0,0,0,58,39
USC00366886,"PHILADELPHIA FRANKLIN INSTITUTE, PA US",12/2/2017,0,0,0,54,41
USC00366886,"PHILADELPHIA FRANKLIN INSTITUTE, PA US",12/3/2017,0,0,0,52,37
USC00366886,"PHILADELPHIA FRANKLIN INSTITUTE, PA US",12/4/2017,0,0,0,54,40
USC00366886,"PHILADELPHIA FRANKLIN INSTITUTE, PA US",12/5/2017,0,0,0,56,36
USC00366886,"PHILADELPHIA FRANKLIN INSTITUTE, PA US",12/6/2017,0.27,0,0,63,41
USC00366886,"PHILADELPHIA FRANKLIN INSTITUTE, PA US",12/7/2017,0.03,0,0,58,40
USC00366886,"PHILADELPHIA FRANKLIN INSTITUTE, PA US",12/8/2017,0.01,0,0,46,35
USC00366886,"PHILADELPHIA FRANKLIN INSTITUTE, PA US",12/9/2017,0,0,0,42,34
USC00366886,"PHILADELPHIA FRANKLIN INSTITUTE, PA US",12/10/2017,0,4.2,4,37,28
USC00366886,"PHILADELPHIA FRANKLIN INSTITUTE, PA US",12/11/2017,0,0,4,39,29
USC00366886,"PHILADELPHIA FRANKLIN INSTITUTE, PA US",12/12/2017,0.03,0,0,45,33
USC00366886,"PHILADELPHIA FRANKLIN INSTITUTE, PA US",12/13/2017,0,0,0,46,25
USC00366886,"PHILADELPHIA FRANKLIN INSTITUTE, PA US",12/14/2017,0.06,0.8,1,32,21
USC00366886,"PHILADELPHIA FRANKLIN INSTITUTE, PA US",12/15/2017,0,0,0,35,25
USC00366886,"PHILADELPHIA FRANKLIN INSTITUTE, PA US",12/16/2017,0.15,2,2,29,24
USC00366886,"PHILADELPHIA FRANKLIN INSTITUTE, PA US",12/17/2017,0,0,0,41,24
USC00366886,"PHILADELPHIA FRANKLIN INSTITUTE, PA US",12/18/2017,0,0,0,43,33
USC00366886,"PHILADELPHIA FRANKLIN INSTITUTE, PA US",12/19/2017,0,0,0,51,37
USC00366886,"PHILADELPHIA FRANKLIN INSTITUTE, PA US",12/20/2017,0,0,0,58,45
USC00366886,"PHILADELPHIA FRANKLIN INSTITUTE, PA US",12/21/2017,0,0,0,51,35
USC00366886,"PHILADELPHIA FRANKLIN INSTITUTE, PA US",12/22/2017,0,0,0,43,32
USC00366886,"PHILADELPHIA FRANKLIN INSTITUTE, PA US",12/23/2017,0.1,0,0,50,43
USC00366886,"PHILADELPHIA FRANKLIN INSTITUTE, PA US",12/24/2017,0.45,0,0,60,37
USC00366886,"PHILADELPHIA FRANKLIN INSTITUTE, PA US",12/25/2017,0,0,0,39,29
USC00366886,"PHILADELPHIA FRANKLIN INSTITUTE, PA US",12/26/2017,0,0,0,42,25
USC00366886,"PHILADELPHIA FRANKLIN INSTITUTE, PA US",12/27/2017,0,0,0,33,21
USC00366886,"PHILADELPHIA FRANKLIN INSTITUTE, PA US",12/28/2017,0,0,0,33,13
USC00366886,"PHILADELPHIA FRANKLIN INSTITUTE, PA US",12/29/2017,0,0,0,23,14
USC00366886,"PHILADELPHIA FRANKLIN INSTITUTE, PA US",12/30/2017,0.04,1.1,1,28,14
USC00366886,"PHILADELPHIA FRANKLIN INSTITUTE, PA US",12/31/2017,0,0,1,28,14
USC00366886,"PHILADELPHIA FRANKLIN INSTITUTE, PA US",1/1/2018,0,,,20,8
USC00366886,"PHILADELPHIA FRANKLIN INSTITUTE, PA US",1/2/2018,0,0,0,28,8
USC00366886,"PHILADELPHIA FRANKLIN INSTITUTE, PA US",1/3/2018,0,0,0,25,16
USC00366886,"PHILADELPHIA FRANKLIN INSTITUTE, PA US",1/4/2018,0.22,1,1,32,16
USC00366886,"PHILADELPHIA FRANKLIN INSTITUTE, PA US",1/5/2018,0.14,3,4,26,11
USC00366886,"PHILADELPHIA FRANKLIN INSTITUTE, PA US",1/6/2018,0,0,3,17,7
USC00366886,"PHILADELPHIA FRANKLIN INSTITUTE, PA US",1/7/2018,0,0,3,19,4
USC00366886,"PHILADELPHIA FRANKLIN INSTITUTE, PA US",1/8/2018,0,0,3,24,8
USC00366886,"PHILADELPHIA FRANKLIN INSTITUTE, PA US",1/9/2018,0.04,0,3,39,25
USC00366886,"PHILADELPHIA FRANKLIN INSTITUTE, PA US",1/10/2018,0,0,0,46,30
USC00366886,"PHILADELPHIA FRANKLIN INSTITUTE, PA US",1/11/2018,0,0,0,47,33
USC00366886,"PHILADELPHIA FRANKLIN INSTITUTE, PA US",1/12/2018,0.16,0,0,64,47
USC00366886,"PHILADELPHIA FRANKLIN INSTITUTE, PA US",1/13/2018,1.51,0,0,65,31
USC00366886,"PHILADELPHIA FRANKLIN INSTITUTE, PA US",1/14/2018,0,0,0,35,13
USC00366886,"PHILADELPHIA FRANKLIN INSTITUTE, PA US",1/15/2018,0,0,0,27,16
USC00366886,"PHILADELPHIA FRANKLIN INSTITUTE, PA US",1/16/2018,0,0,0,33,29
USC00366886,"PHILADELPHIA FRANKLIN INSTITUTE, PA US",1/17/2018,0.11,0.3,0,45,29
USC00366886,"PHILADELPHIA FRANKLIN INSTITUTE, PA US",1/18/2018,0,0,0,29,17
USC00366886,"PHILADELPHIA FRANKLIN INSTITUTE, PA US",1/19/2018,0,0,0,36,17
USC00366886,"PHILADELPHIA FRANKLIN INSTITUTE, PA US",1/20/2018,0,0,0,45,33
USC00366886,"PHILADELPHIA FRANKLIN INSTITUTE, PA US",1/21/2018,0,0,0,57,37
USC00366886,"PHILADELPHIA FRANKLIN INSTITUTE, PA US",1/22/2018,0,0,0,62,42
USC00366886,"PHILADELPHIA FRANKLIN INSTITUTE, PA US",1/23/2018,0.25,0,0,60,37
USC00366886,"PHILADELPHIA FRANKLIN INSTITUTE, PA US",1/24/2018,0,0,0,63,37
USC00366886,"PHILADELPHIA FRANKLIN INSTITUTE, PA US",1/25/2018,0,0,0,63,26
USC00366886,"PHILADELPHIA FRANKLIN INSTITUTE, PA US",1/26/2018,0,0,0,37,26
USC00366886,"PHILADELPHIA FRANKLIN INSTITUTE, PA US",1/27/2018,0,0,0,43,30
USC00366886,"PHILADELPHIA FRANKLIN INSTITUTE, PA US",1/28/2018,0.2,0,0,58,35
USC00366886,"PHILADELPHIA FRANKLIN INSTITUTE, PA US",1/29/2018,0.12,0,0,58,39
USC00366886,"PHILADELPHIA FRANKLIN INSTITUTE, PA US",1/30/2018,0,0,0,45,34
USC00366886,"PHILADELPHIA FRANKLIN INSTITUTE, PA US",1/31/2018,0.12,0.4,0,33,17
USC00366886,"PHILADELPHIA FRANKLIN INSTITUTE, PA US",2/1/2018,0,0,0,38,20
USC00366886,"PHILADELPHIA FRANKLIN INSTITUTE, PA US",2/2/2018,0.17,0,0,47,20
USC00366886,"PHILADELPHIA FRANKLIN INSTITUTE, PA US",2/3/2018,0,0,0,47,18
USC00366886,"PHILADELPHIA FRANKLIN INSTITUTE, PA US",2/4/2018,0,0,0,31,18
USC00366886,"PHILADELPHIA FRANKLIN INSTITUTE, PA US",2/5/2018,0.94,0,0,38,31
USC00366886,"PHILADELPHIA FRANKLIN INSTITUTE, PA US",2/6/2018,0,0,0,34,28
USC00366886,"PHILADELPHIA FRANKLIN INSTITUTE, PA US",2/7/2018,0.82,0.2,0,37,28
USC00366886,"PHILADELPHIA FRANKLIN INSTITUTE, PA US",2/8/2018,1.4,,,37,30
USC00366886,"PHILADELPHIA FRANKLIN INSTITUTE, PA US",2/9/2018,0,0,0,49,26
USC00366886,"PHILADELPHIA FRANKLIN INSTITUTE, PA US",2/10/2018,0,0,0,41,30
USC00366886,"PHILADELPHIA FRANKLIN INSTITUTE, PA US",2/11/2018,1.5,0,0,52,41
USC00366886,"PHILADELPHIA FRANKLIN INSTITUTE, PA US",2/12/2018,0.76,0,0,62,46
USC00366886,"PHILADELPHIA FRANKLIN INSTITUTE, PA US",2/13/2018,0,0,0,48,27
USC00366886,"PHILADELPHIA FRANKLIN INSTITUTE, PA US",2/14/2018,0,0,0,43,29
USC00366886,"PHILADELPHIA FRANKLIN INSTITUTE, PA US",2/15/2018,0.19,0,0,53,29
USC00366886,"PHILADELPHIA FRANKLIN INSTITUTE, PA US",2/16/2018,0.49,0,0,62,29
USC00366886,"PHILADELPHIA FRANKLIN INSTITUTE, PA US",2/17/2018,0.4,0,0,42,28
USC00366886,"PHILADELPHIA FRANKLIN INSTITUTE, PA US",2/18/2018,0,0,0,46,33
USC00366886,"PHILADELPHIA FRANKLIN INSTITUTE, PA US",2/19/2018,0,0,0,49,33
USC00366886,"PHILADELPHIA FRANKLIN INSTITUTE, PA US",2/20/2018,0.01,0,0,72,47
USC00366886,"PHILADELPHIA FRANKLIN INSTITUTE, PA US",2/21/2018,0,0,0,74,53
USC00366886,"PHILADELPHIA FRANKLIN INSTITUTE, PA US",2/22/2018,0.01,0,0,78,47
USC00366886,"PHILADELPHIA FRANKLIN INSTITUTE, PA US",2/23/2018,0.26,0,0,47,38
USC00366886,"PHILADELPHIA FRANKLIN INSTITUTE, PA US",2/24/2018,0.03,0,0,48,38
USC00366886,"PHILADELPHIA FRANKLIN INSTITUTE, PA US",2/25/2018,0.67,0,0,50,41
USC00366886,"PHILADELPHIA FRANKLIN INSTITUTE, PA US",2/26/2018,0.13,0,0,50,43
USC00366886,"PHILADELPHIA FRANKLIN INSTITUTE, PA US",2/27/2018,0,0,0,52,38
USC00366886,"PHILADELPHIA FRANKLIN INSTITUTE, PA US",2/28/2018,0,0,0,59,41
USC00366886,"PHILADELPHIA FRANKLIN INSTITUTE, PA US",3/1/2018,0,0,0,61,47
USC00366886,"PHILADELPHIA FRANKLIN INSTITUTE, PA US",3/2/2018,1.25,0,0,60,38
USC00366886,"PHILADELPHIA FRANKLIN INSTITUTE, PA US",3/3/2018,0.77,2,2,59,33
USC00366886,"PHILADELPHIA FRANKLIN INSTITUTE, PA US",3/4/2018,0,0,0,45,32
USC00366886,"PHILADELPHIA FRANKLIN INSTITUTE, PA US",3/6/2018,0,0,0,46,40
USC00366886,"PHILADELPHIA FRANKLIN INSTITUTE, PA US",3/8/2018,0,4.1,4,51,30
USC00366886,"PHILADELPHIA FRANKLIN INSTITUTE, PA US",3/9/2018,0,,3,42,31
USC00366886,"PHILADELPHIA FRANKLIN INSTITUTE, PA US",3/10/2018,0,0,2,43,30
USC00366886,"PHILADELPHIA FRANKLIN INSTITUTE, PA US",3/11/2018,0,0,1,45,31
USC00366886,"PHILADELPHIA FRANKLIN INSTITUTE, PA US",3/12/2018,0,0,0,46,31
USC00366886,"PHILADELPHIA FRANKLIN INSTITUTE, PA US",3/13/2018,0.11,,,46,31
USC00366886,"PHILADELPHIA FRANKLIN INSTITUTE, PA US",3/14/2018,0,0,0,43,31
USC00366886,"PHILADELPHIA FRANKLIN INSTITUTE, PA US",3/15/2018,0,0,0,41,32
USC00366886,"PHILADELPHIA FRANKLIN INSTITUTE, PA US",3/16/2018,0,0,0,46,33
USC00366886,"PHILADELPHIA FRANKLIN INSTITUTE, PA US",3/17/2018,0,0,0,42,29
USC00366886,"PHILADELPHIA FRANKLIN INSTITUTE, PA US",3/18/2018,0,0,0,39,33
USC00366886,"PHILADELPHIA FRANKLIN INSTITUTE, PA US",3/19/2018,0,0,0,52,33
USC00366886,"PHILADELPHIA FRANKLIN INSTITUTE, PA US",3/20/2018,0,0,0,52,34
USC00366886,"PHILADELPHIA FRANKLIN INSTITUTE, PA US",3/22/2018,0,6.6,7,52,29
USC00366886,"PHILADELPHIA FRANKLIN INSTITUTE, PA US",3/23/2018,0,0,2,49,35
USC00366886,"PHILADELPHIA FRANKLIN INSTITUTE, PA US",3/24/2018,0,0,0,47,34
USC00366886,"PHILADELPHIA FRANKLIN INSTITUTE, PA US",3/25/2018,0,0,0,50,34
USC00366886,"PHILADELPHIA FRANKLIN INSTITUTE, PA US",3/26/2018,0,0,0,47,34
USC00366886,"PHILADELPHIA FRANKLIN INSTITUTE, PA US",3/27/2018,0,0,0,49,34
USC00366886,"PHILADELPHIA FRANKLIN INSTITUTE, PA US",3/28/2018,0.02,0,0,48,37
USC00366886,"PHILADELPHIA FRANKLIN INSTITUTE, PA US",3/29/2018,0.12,0,0,52,42
USC00366886,"PHILADELPHIA FRANKLIN INSTITUTE, PA US",3/30/2018,0,0,0,74,51
USC00366886,"PHILADELPHIA FRANKLIN INSTITUTE, PA US",3/31/2018,0.16,0,0,70,39
USC00366886,"PHILADELPHIA FRANKLIN INSTITUTE, PA US",4/1/2018,0.2,0,0,60,43
USC00366886,"PHILADELPHIA FRANKLIN INSTITUTE, PA US",4/2/2018,0,0,0,64,33
USC00366886,"PHILADELPHIA FRANKLIN INSTITUTE, PA US",4/3/2018,0,0,0,64,33
USC00366886,"PHILADELPHIA FRANKLIN INSTITUTE, PA US",4/4/2018,0.11,0,0,64,34
USC00366886,"PHILADELPHIA FRANKLIN INSTITUTE, PA US",4/5/2018,0,0,0,66,37
USC00366886,"PHILADELPHIA FRANKLIN INSTITUTE, PA US",4/6/2018,0.07,0,0,47,37
USC00366886,"PHILADELPHIA FRANKLIN INSTITUTE, PA US",4/7/2018,0,0,0,65,41
USC00366886,"PHILADELPHIA FRANKLIN INSTITUTE, PA US",4/8/2018,0,0,0,47,32
USC00366886,"PHILADELPHIA FRANKLIN INSTITUTE, PA US",4/9/2018,0,0,0,49,32
USC00366886,"PHILADELPHIA FRANKLIN INSTITUTE, PA US",4/10/2018,0.02,0,0,49,32
USC00366886,"PHILADELPHIA FRANKLIN INSTITUTE, PA US",4/11/2018,0,0,0,51,37
USC00366886,"PHILADELPHIA FRANKLIN INSTITUTE, PA US",4/12/2018,0,0,0,55,45
USC00366886,"PHILADELPHIA FRANKLIN INSTITUTE, PA US",4/13/2018,0,0,0,72,51
USC00366886,"PHILADELPHIA FRANKLIN INSTITUTE, PA US",4/14/2018,0,0,0,85,63
USC00366886,"PHILADELPHIA FRANKLIN INSTITUTE, PA US",4/15/2018,0.05,0,0,84,41
USC00366886,"PHILADELPHIA FRANKLIN INSTITUTE, PA US",4/16/2018,3.2,0,0,52,40
USC00366886,"PHILADELPHIA FRANKLIN INSTITUTE, PA US",4/17/2018,0,0,0,67,40
USC00366886,"PHILADELPHIA FRANKLIN INSTITUTE, PA US",4/18/2018,0,0,0,47,38
USC00366886,"PHILADELPHIA FRANKLIN INSTITUTE, PA US",4/20/2018,0.02,0,0,58,36
USC00366886,"PHILADELPHIA FRANKLIN INSTITUTE, PA US",4/21/2018,0,0,0,55,39
USC00366886,"PHILADELPHIA FRANKLIN INSTITUTE, PA US",4/22/2018,0,0,0,62,39
USC00366886,"PHILADELPHIA FRANKLIN INSTITUTE, PA US",4/23/2018,0,0,0,68,46
USC00366886,"PHILADELPHIA FRANKLIN INSTITUTE, PA US",4/24/2018,0,0,0,73,47
USC00366886,"PHILADELPHIA FRANKLIN INSTITUTE, PA US",4/25/2018,0.36,0,0,66,47
USC00366886,"PHILADELPHIA FRANKLIN INSTITUTE, PA US",4/26/2018,0.02,0,0,69,51
USC00366886,"PHILADELPHIA FRANKLIN INSTITUTE, PA US",4/27/2018,0.43,0,0,69,54
USC00366886,"PHILADELPHIA FRANKLIN INSTITUTE, PA US",4/28/2018,0,,,61,51
USC00366886,"PHILADELPHIA FRANKLIN INSTITUTE, PA US",4/29/2018,0.4,0,0,77,47
USC00366886,"PHILADELPHIA FRANKLIN INSTITUTE, PA US",4/30/2018,0,0,0,68,45
USC00366886,"PHILADELPHIA FRANKLIN INSTITUTE, PA US",5/1/2018,0,0,0,79,45
USC00366886,"PHILADELPHIA FRANKLIN INSTITUTE, PA US",5/2/2018,0,0,0,81,55
USC00366886,"PHILADELPHIA FRANKLIN INSTITUTE, PA US",5/3/2018,0,0,0,91,63
USC00366886,"PHILADELPHIA FRANKLIN INSTITUTE, PA US",5/4/2018,0,0,0,92,72
USC00366886,"PHILADELPHIA FRANKLIN INSTITUTE, PA US",5/5/2018,0,0,0,91,64
USC00366886,"PHILADELPHIA FRANKLIN INSTITUTE, PA US",5/6/2018,0,0,0,76,62
USC00366886,"PHILADELPHIA FRANKLIN INSTITUTE, PA US",5/7/2018,0.03,0,0,70,54
USC00366886,"PHILADELPHIA FRANKLIN INSTITUTE, PA US",5/8/2018,0,0,0,78,55
USC00366886,"PHILADELPHIA FRANKLIN INSTITUTE, PA US",5/9/2018,0,0,0,78,56
USC00366886,"PHILADELPHIA FRANKLIN INSTITUTE, PA US",5/10/2018,0,0,0,81,55
USC00366886,"PHILADELPHIA FRANKLIN INSTITUTE, PA US",5/11/2018,0.01,0,0,81,59
USC00366886,"PHILADELPHIA FRANKLIN INSTITUTE, PA US",5/12/2018,0.43,0,0,80,53
USC00366886,"PHILADELPHIA FRANKLIN INSTITUTE, PA US",5/13/2018,1.23,0,0,72,53
USC00366886,"PHILADELPHIA FRANKLIN INSTITUTE, PA US",5/14/2018,0.42,0,0,58,52
USC00366886,"PHILADELPHIA FRANKLIN INSTITUTE, PA US",5/15/2018,0,0,0,77,58
USC00366886,"PHILADELPHIA FRANKLIN INSTITUTE, PA US",5/16/2018,0.34,0,0,89,63
USC00366886,"PHILADELPHIA FRANKLIN INSTITUTE, PA US",5/17/2018,0.79,0,0,65,57
USC00366886,"PHILADELPHIA FRANKLIN INSTITUTE, PA US",5/18/2018,0.09,0,0,68,61
USC00366886,"PHILADELPHIA FRANKLIN INSTITUTE, PA US",5/19/2018,0.75,0,0,65,50
USC00366886,"PHILADELPHIA FRANKLIN INSTITUTE, PA US",5/20/2018,0.07,0,0,72,53
USC00366886,"PHILADELPHIA FRANKLIN INSTITUTE, PA US",5/21/2018,0.09,0,0,85,63
USC00366886,"PHILADELPHIA FRANKLIN INSTITUTE, PA US",5/22/2018,0,0,0,83,64
USC00366886,"PHILADELPHIA FRANKLIN INSTITUTE, PA US",5/23/2018,0.31,0,0,83,61
USC00366886,"PHILADELPHIA FRANKLIN INSTITUTE, PA US",5/24/2018,0,0,0,82,65
USC00366886,"PHILADELPHIA FRANKLIN INSTITUTE, PA US",5/25/2018,0,0,0,87,64
USC00366886,"PHILADELPHIA FRANKLIN INSTITUTE, PA US",5/26/2018,0,0,0,88,64
USC00366886,"PHILADELPHIA FRANKLIN INSTITUTE, PA US",5/27/2018,0.79,0,0,93,66
USC00366886,"PHILADELPHIA FRANKLIN INSTITUTE, PA US",5/28/2018,0.08,0,0,93,57
USC00366886,"PHILADELPHIA FRANKLIN INSTITUTE, PA US",5/29/2018,0,0,0,82,63
USC00366886,"PHILADELPHIA FRANKLIN INSTITUTE, PA US",5/30/2018,0,0,0,88,70
USC00366886,"PHILADELPHIA FRANKLIN INSTITUTE, PA US",5/31/2018,0.02,0,0,81,62
USC00366886,"PHILADELPHIA FRANKLIN INSTITUTE, PA US",6/1/2018,0.2,0,0,82,62
USC00366886,"PHILADELPHIA FRANKLIN INSTITUTE, PA US",6/2/2018,0,0,0,87,73
USC00366886,"PHILADELPHIA FRANKLIN INSTITUTE, PA US",6/3/2018,1.97,0,0,88,61
USC00366886,"PHILADELPHIA FRANKLIN INSTITUTE, PA US",6/4/2018,0.68,0,0,66,52
USC00366886,"PHILADELPHIA FRANKLIN INSTITUTE, PA US",6/5/2018,0,0,0,76,52
USC00366886,"PHILADELPHIA FRANKLIN INSTITUTE, PA US",6/6/2018,0.17,0,0,82,61
USC00366886,"PHILADELPHIA FRANKLIN INSTITUTE, PA US",6/7/2018,0,0,0,72,62
USC00366886,"PHILADELPHIA FRANKLIN INSTITUTE, PA US",6/8/2018,0,0,0,79,62
USC00366886,"PHILADELPHIA FRANKLIN INSTITUTE, PA US",6/9/2018,0,0,0,85,70
USC00366886,"PHILADELPHIA FRANKLIN INSTITUTE, PA US",6/10/2018,0,0,0,87,70
USC00366886,"PHILADELPHIA FRANKLIN INSTITUTE, PA US",6/11/2018,2.7,0,0,74,56
USC00366886,"PHILADELPHIA FRANKLIN INSTITUTE, PA US",6/12/2018,0,0,0,71,55
USC00366886,"PHILADELPHIA FRANKLIN INSTITUTE, PA US",6/13/2018,0,0,0,80,66
USC00366886,"PHILADELPHIA FRANKLIN INSTITUTE, PA US",6/14/2018,0,0,0,80,70
USC00366886,"PHILADELPHIA FRANKLIN INSTITUTE, PA US",6/15/2018,0,0,0,87,65
USC00366886,"PHILADELPHIA FRANKLIN INSTITUTE, PA US",6/16/2018,0,0,0,87,63
USC00366886,"PHILADELPHIA FRANKLIN INSTITUTE, PA US",6/17/2018,0,0,0,88,70
USC00366886,"PHILADELPHIA FRANKLIN INSTITUTE, PA US",6/18/2018,0,0,0,94,72
USC00366886,"PHILADELPHIA FRANKLIN INSTITUTE, PA US",6/19/2018,0,0,0,95,72
USC00366886,"PHILADELPHIA FRANKLIN INSTITUTE, PA US",6/20/2018,0,0,0,91,71
USC00366886,"PHILADELPHIA FRANKLIN INSTITUTE, PA US",6/21/2018,0.21,0,0,89,70
USC00366886,"PHILADELPHIA FRANKLIN INSTITUTE, PA US",6/22/2018,0,0,0,86,69
USC00366886,"PHILADELPHIA FRANKLIN INSTITUTE, PA US",6/23/2018,0.13,0,0,73,63
USC00366886,"PHILADELPHIA FRANKLIN INSTITUTE, PA US",6/24/2018,0,0,0,80,64
USC00366886,"PHILADELPHIA FRANKLIN INSTITUTE, PA US",6/25/2018,0,0,0,91,68
USC00366886,"PHILADELPHIA FRANKLIN INSTITUTE, PA US",6/26/2018,0,0,0,84,65
USC00366886,"PHILADELPHIA FRANKLIN INSTITUTE, PA US",6/27/2018,0,0,0,86,67
USC00366886,"PHILADELPHIA FRANKLIN INSTITUTE, PA US",6/28/2018,0.25,0,0,78,72
USC00366886,"PHILADELPHIA FRANKLIN INSTITUTE, PA US",6/29/2018,0,0,0,91,74
USC00366886,"PHILADELPHIA FRANKLIN INSTITUTE, PA US",6/30/2018,0,0,0,94,75
USC00366886,"PHILADELPHIA FRANKLIN INSTITUTE, PA US",7/1/2018,0,0,0,98,80
USC00366886,"PHILADELPHIA FRANKLIN INSTITUTE, PA US",7/2/2018,0,0,0,99,79
USC00366886,"PHILADELPHIA FRANKLIN INSTITUTE, PA US",7/3/2018,0,0,0,101,80
USC00366886,"PHILADELPHIA FRANKLIN INSTITUTE, PA US",7/4/2018,0.82,0,0,101,77
USC00366886,"PHILADELPHIA FRANKLIN INSTITUTE, PA US",7/5/2018,0,0,0,95,77
USC00366886,"PHILADELPHIA FRANKLIN INSTITUTE, PA US",7/6/2018,0,0,0,95,78
USC00366886,"PHILADELPHIA FRANKLIN INSTITUTE, PA US",7/7/2018,0.2,0,0,85,64
USC00366886,"PHILADELPHIA FRANKLIN INSTITUTE, PA US",7/8/2018,0,0,0,79,63
USC00366886,"PHILADELPHIA FRANKLIN INSTITUTE, PA US",7/9/2018,0,0,0,84,65
USC00366886,"PHILADELPHIA FRANKLIN INSTITUTE, PA US",7/10/2018,0,0,0,91,71
USC00366886,"PHILADELPHIA FRANKLIN INSTITUTE, PA US",7/11/2018,0,0,0,96,76
USC00366886,"PHILADELPHIA FRANKLIN INSTITUTE, PA US",7/12/2018,0,0,0,96,72
USC00366886,"PHILADELPHIA FRANKLIN INSTITUTE, PA US",7/13/2018,0.09,0,0,87,70
USC00366886,"PHILADELPHIA FRANKLIN INSTITUTE, PA US",7/14/2018,0,0,0,90,70
USC00366886,"PHILADELPHIA FRANKLIN INSTITUTE, PA US",7/15/2018,0,0,0,92,70
USC00366886,"PHILADELPHIA FRANKLIN INSTITUTE, PA US",7/16/2018,0.41,0,0,89,70
USC00366886,"PHILADELPHIA FRANKLIN INSTITUTE, PA US",7/17/2018,0,0,0,97,70
USC00366886,"PHILADELPHIA FRANKLIN INSTITUTE, PA US",7/18/2018,0.15,0,0,94,70
USC00366886,"PHILADELPHIA FRANKLIN INSTITUTE, PA US",7/19/2018,0,0,0,88,66
USC00366886,"PHILADELPHIA FRANKLIN INSTITUTE, PA US",7/20/2018,0,0,0,89,71
USC00366886,"PHILADELPHIA FRANKLIN INSTITUTE, PA US",7/21/2018,0,0,0,87,68
USC00366886,"PHILADELPHIA FRANKLIN INSTITUTE, PA US",7/23/2018,0,0,0,88,62
USC00366886,"PHILADELPHIA FRANKLIN INSTITUTE, PA US",7/24/2018,0.01,0,0,87,78
USC00366886,"PHILADELPHIA FRANKLIN INSTITUTE, PA US",7/25/2018,0.5,0,0,86,73
USC00366886,"PHILADELPHIA FRANKLIN INSTITUTE, PA US",7/26/2018,0.94,0,0,85,72
USC00366886,"PHILADELPHIA FRANKLIN INSTITUTE, PA US",7/27/2018,0,0,0,89,74
USC00366886,"PHILADELPHIA FRANKLIN INSTITUTE, PA US",7/28/2018,0.2,0,0,92,71
USC00366886,"PHILADELPHIA FRANKLIN INSTITUTE, PA US",7/29/2018,0,0,0,88,70
USC00366886,"PHILADELPHIA FRANKLIN INSTITUTE, PA US",7/30/2018,0,0,0,88,71
USC00366886,"PHILADELPHIA FRANKLIN INSTITUTE, PA US",7/31/2018,0,0,0,80,69
USC00366886,"PHILADELPHIA FRANKLIN INSTITUTE, PA US",8/1/2018,0.33,0,0,82,74
USC00366886,"PHILADELPHIA FRANKLIN INSTITUTE, PA US",8/2/2018,0.01,0,0,90,76
USC00366886,"PHILADELPHIA FRANKLIN INSTITUTE, PA US",8/3/2018,0.02,0,0,91,75
USC00366886,"PHILADELPHIA FRANKLIN INSTITUTE, PA US",8/4/2018,0.5,0,0,91,72
USC00366886,"PHILADELPHIA FRANKLIN INSTITUTE, PA US",8/5/2018,0.03,0,0,90,72
USC00366886,"PHILADELPHIA FRANKLIN INSTITUTE, PA US",8/6/2018,0,0,0,96,78
USC00366886,"PHILADELPHIA FRANKLIN INSTITUTE, PA US",8/7/2018,0,0,0,96,78
USC00366886,"PHILADELPHIA FRANKLIN INSTITUTE, PA US",8/8/2018,0.12,0,0,94,75
USC00366886,"PHILADELPHIA FRANKLIN INSTITUTE, PA US",8/9/2018,0,0,0,94,75
USC00366886,"PHILADELPHIA FRANKLIN INSTITUTE, PA US",8/10/2018,0.08,0,0,89,75
USC00366886,"PHILADELPHIA FRANKLIN INSTITUTE, PA US",8/11/2018,0,0,0,93,75
USC00366886,"PHILADELPHIA FRANKLIN INSTITUTE, PA US",8/12/2018,0.67,0,0,93,70
USC00366886,"PHILADELPHIA FRANKLIN INSTITUTE, PA US",8/13/2018,0.3,0,0,89,73
USC00366886,"PHILADELPHIA FRANKLIN INSTITUTE, PA US",8/14/2018,1.24,0,0,84,69
USC00366886,"PHILADELPHIA FRANKLIN INSTITUTE, PA US",8/15/2018,0.19,0,0,84,72
USC00366886,"PHILADELPHIA FRANKLIN INSTITUTE, PA US",8/16/2018,0,0,0,91,76
USC00366886,"PHILADELPHIA FRANKLIN INSTITUTE, PA US",8/17/2018,0,0,0,93,78
USC00366886,"PHILADELPHIA FRANKLIN INSTITUTE, PA US",8/18/2018,0.19,0,0,94,75
USC00366886,"PHILADELPHIA FRANKLIN INSTITUTE, PA US",8/19/2018,0.14,0,0,91,69
USC00366886,"PHILADELPHIA FRANKLIN INSTITUTE, PA US",8/20/2018,1,0,0,92,67
USC00366886,"PHILADELPHIA FRANKLIN INSTITUTE, PA US",8/21/2018,0,0,0,77,69
USC00366886,"PHILADELPHIA FRANKLIN INSTITUTE, PA US",8/22/2018,0.01,,,82,72
USC00366886,"PHILADELPHIA FRANKLIN INSTITUTE, PA US",8/23/2018,0,0,0,85,66
USC00366886,"PHILADELPHIA FRANKLIN INSTITUTE, PA US",8/24/2018,0,0,0,82,65
USC00366886,"PHILADELPHIA FRANKLIN INSTITUTE, PA US",8/25/2018,0,0,0,87,65
USC00366886,"PHILADELPHIA FRANKLIN INSTITUTE, PA US",8/26/2018,0,0,0,87,65
USC00366886,"PHILADELPHIA FRANKLIN INSTITUTE, PA US",8/27/2018,0,0,0,87,74
USC00366886,"PHILADELPHIA FRANKLIN INSTITUTE, PA US",8/28/2018,0,0,0,93,78
USC00366886,"PHILADELPHIA FRANKLIN INSTITUTE, PA US",8/29/2018,0,0,0,97,80
USC00366886,"PHILADELPHIA FRANKLIN INSTITUTE, PA US",8/30/2018,0,0,0,98,79
USC00366886,"PHILADELPHIA FRANKLIN INSTITUTE, PA US",8/31/2018,0.06,0,0,98,74
USC00366886,"PHILADELPHIA FRANKLIN INSTITUTE, PA US",9/1/2018,0.46,0,0,98,70
USC00366886,"PHILADELPHIA FRANKLIN INSTITUTE, PA US",9/2/2018,0,0,0,98,70
USC00366886,"PHILADELPHIA FRANKLIN INSTITUTE, PA US",9/3/2018,0,0,0,91,74
USC00366886,"PHILADELPHIA FRANKLIN INSTITUTE, PA US",9/4/2018,0,0,0,97,77
USC00366886,"PHILADELPHIA FRANKLIN INSTITUTE, PA US",9/5/2018,0,0,0,97,78
USC00366886,"PHILADELPHIA FRANKLIN INSTITUTE, PA US",9/6/2018,0,0,0,96,79
USC00366886,"PHILADELPHIA FRANKLIN INSTITUTE, PA US",9/7/2018,0,0,0,96,75
USC00366886,"PHILADELPHIA FRANKLIN INSTITUTE, PA US",9/8/2018,2.76,0,0,86,66
USC00366886,"PHILADELPHIA FRANKLIN INSTITUTE, PA US",9/9/2018,1.69,0,0,70,56
USC00366886,"PHILADELPHIA FRANKLIN INSTITUTE, PA US",9/10/2018,2.3,0,0,62,54
USC00366886,"PHILADELPHIA FRANKLIN INSTITUTE, PA US",9/11/2018,0.2,0,0,69,61
USC00366886,"PHILADELPHIA FRANKLIN INSTITUTE, PA US",9/12/2018,0.05,0,0,76,66
USC00366886,"PHILADELPHIA FRANKLIN INSTITUTE, PA US",9/13/2018,0.15,0,0,84,73
USC00366886,"PHILADELPHIA FRANKLIN INSTITUTE, PA US",9/14/2018,0.02,0,0,77,68
USC00366886,"PHILADELPHIA FRANKLIN INSTITUTE, PA US",9/15/2018,0,0,0,75,68
USC00366886,"PHILADELPHIA FRANKLIN INSTITUTE, PA US",9/16/2018,0,0,0,79,66
USC00366886,"PHILADELPHIA FRANKLIN INSTITUTE, PA US",9/17/2018,0,0,0,87,69
USC00366886,"PHILADELPHIA FRANKLIN INSTITUTE, PA US",9/18/2018,0.07,0,0,81,73
USC00366886,"PHILADELPHIA FRANKLIN INSTITUTE, PA US",9/19/2018,1.44,0,0,83,69
USC00366886,"PHILADELPHIA FRANKLIN INSTITUTE, PA US",9/20/2018,0,0,0,86,68
USC00366886,"PHILADELPHIA FRANKLIN INSTITUTE, PA US",9/21/2018,0,0,0,74,67
USC00366886,"PHILADELPHIA FRANKLIN INSTITUTE, PA US",9/22/2018,0.02,0,0,78,70
USC00366886,"PHILADELPHIA FRANKLIN INSTITUTE, PA US",9/23/2018,0.08,0,0,76,59
USC00366886,"PHILADELPHIA FRANKLIN INSTITUTE, PA US",9/24/2018,0.88,0,0,62,59
USC00366886,"PHILADELPHIA FRANKLIN INSTITUTE, PA US",9/25/2018,0.11,0,0,68,62
USC00366886,"PHILADELPHIA FRANKLIN INSTITUTE, PA US",9/26/2018,0.84,0,0,82,67
USC00366886,"PHILADELPHIA FRANKLIN INSTITUTE, PA US",9/27/2018,0.39,0,0,86,63
USC00366886,"PHILADELPHIA FRANKLIN INSTITUTE, PA US",9/28/2018,1.09,0,0,73,61
USC00366886,"PHILADELPHIA FRANKLIN INSTITUTE, PA US",9/29/2018,0,0,0,73,59
USC00366886,"PHILADELPHIA FRANKLIN INSTITUTE, PA US",9/30/2018,0,0,0,78,57
USC00366886,"PHILADELPHIA FRANKLIN INSTITUTE, PA US",10/1/2018,0,0,0,77,62
USC00366886,"PHILADELPHIA FRANKLIN INSTITUTE, PA US",10/2/2018,0,0,0,82,67
USC00366886,"PHILADELPHIA FRANKLIN INSTITUTE, PA US",10/3/2018,0.45,0,0,83,66
USC00366886,"PHILADELPHIA FRANKLIN INSTITUTE, PA US",10/4/2018,0,0,0,83,65
USC00366886,"PHILADELPHIA FRANKLIN INSTITUTE, PA US",10/5/2018,0.21,0,0,84,62
USC00366886,"PHILADELPHIA FRANKLIN INSTITUTE, PA US",10/6/2018,0,0,0,69,62
USC00366886,"PHILADELPHIA FRANKLIN INSTITUTE, PA US",10/7/2018,0,0,0,71,66
USC00366886,"PHILADELPHIA FRANKLIN INSTITUTE, PA US",10/8/2018,0,0,0,81,66
USC00366886,"PHILADELPHIA FRANKLIN INSTITUTE, PA US",10/9/2018,0.06,0,0,73,68
USC00366886,"PHILADELPHIA FRANKLIN INSTITUTE, PA US",10/10/2018,0,0,0,82,71
USC00366886,"PHILADELPHIA FRANKLIN INSTITUTE, PA US",10/11/2018,0.14,0,0,85,73
USC00366886,"PHILADELPHIA FRANKLIN INSTITUTE, PA US",10/12/2018,1.62,0,0,83,59
USC00366886,"PHILADELPHIA FRANKLIN INSTITUTE, PA US",10/13/2018,0.07,0,0,64,49
USC00366886,"PHILADELPHIA FRANKLIN INSTITUTE, PA US",10/14/2018,0,0,0,57,47
USC00366886,"PHILADELPHIA FRANKLIN INSTITUTE, PA US",10/16/2018,0.17,0,0,69,50
USC00366886,"PHILADELPHIA FRANKLIN INSTITUTE, PA US",10/17/2018,0,0,0,59,49
USC00366886,"PHILADELPHIA FRANKLIN INSTITUTE, PA US",10/18/2018,0,0,0,66,43
USC00366886,"PHILADELPHIA FRANKLIN INSTITUTE, PA US",10/19/2018,0,0,0,54,43
USC00366886,"PHILADELPHIA FRANKLIN INSTITUTE, PA US",10/20/2018,0.11,0,0,62,48
USC00366886,"PHILADELPHIA FRANKLIN INSTITUTE, PA US",10/21/2018,0.08,0,0,66,44
USC00366886,"PHILADELPHIA FRANKLIN INSTITUTE, PA US",10/22/2018,0.05,0,0,51,40
USC00366886,"PHILADELPHIA FRANKLIN INSTITUTE, PA US",10/23/2018,0,0,0,55,45
USC00366886,"PHILADELPHIA FRANKLIN INSTITUTE, PA US",10/24/2018,0,0,0,68,45
USC00366886,"PHILADELPHIA FRANKLIN INSTITUTE, PA US",10/25/2018,0,0,0,56,40
USC00366886,"PHILADELPHIA FRANKLIN INSTITUTE, PA US",10/26/2018,0,0,0,54,41
USC00366886,"PHILADELPHIA FRANKLIN INSTITUTE, PA US",10/27/2018,1.43,0,0,49,43
USC00366886,"PHILADELPHIA FRANKLIN INSTITUTE, PA US",10/28/2018,0.09,0,0,56,46
USC00366886,"PHILADELPHIA FRANKLIN INSTITUTE, PA US",10/29/2018,0.09,0,0,56,46
USC00366886,"PHILADELPHIA FRANKLIN INSTITUTE, PA US",11/2/2018,0,0,0,73,62
USC00366886,"PHILADELPHIA FRANKLIN INSTITUTE, PA US",11/3/2018,0.88,0,0,73,51
USC00366886,"PHILADELPHIA FRANKLIN INSTITUTE, PA US",11/4/2018,0,0,0,59,41
USC00366886,"PHILADELPHIA FRANKLIN INSTITUTE, PA US",11/5/2018,0.15,0,0,58,47
USC00366886,"PHILADELPHIA FRANKLIN INSTITUTE, PA US",11/6/2018,0.58,0,0,55,51
USC00366886,"PHILADELPHIA FRANKLIN INSTITUTE, PA US",11/7/2018,0.98,0,0,64,52
USC00366886,"PHILADELPHIA FRANKLIN INSTITUTE, PA US",11/8/2018,0,0,0,58,43
USC00366886,"PHILADELPHIA FRANKLIN INSTITUTE, PA US",11/9/2018,0,0,0,58,42
USC00366886,"PHILADELPHIA FRANKLIN INSTITUTE, PA US",11/10/2018,0.86,0,0,52,43
USC00366886,"PHILADELPHIA FRANKLIN INSTITUTE, PA US",11/11/2018,0,0,0,45,32
USC00366886,"PHILADELPHIA FRANKLIN INSTITUTE, PA US",11/12/2018,0,0,0,48,34
USC00366886,"PHILADELPHIA FRANKLIN INSTITUTE, PA US",11/13/2018,1.34,0,0,50,42
USC00366886,"PHILADELPHIA FRANKLIN INSTITUTE, PA US",11/14/2018,0,0,0,50,37
USC00366886,"PHILADELPHIA FRANKLIN INSTITUTE, PA US",11/15/2018,0,0,0,44,32
USC00366886,"PHILADELPHIA FRANKLIN INSTITUTE, PA US",11/16/2018,1.53,0,0,39,29
USC00366886,"PHILADELPHIA FRANKLIN INSTITUTE, PA US",11/17/2018,0.01,0,0,44,37
USC00366886,"PHILADELPHIA FRANKLIN INSTITUTE, PA US",11/18/2018,0,0,0,49,37
USC00366886,"PHILADELPHIA FRANKLIN INSTITUTE, PA US",11/19/2018,0,0,0,49,39
USC00366886,"PHILADELPHIA FRANKLIN INSTITUTE, PA US",11/20/2018,0,0,0,53,44
USC00366886,"PHILADELPHIA FRANKLIN INSTITUTE, PA US",11/21/2018,0,0,0,50,35
USC00366886,"PHILADELPHIA FRANKLIN INSTITUTE, PA US",11/24/2018,0,0,0,36,20
USC00366886,"PHILADELPHIA FRANKLIN INSTITUTE, PA US",11/25/2018,2.43,0,0,50,36
USC00366886,"PHILADELPHIA FRANKLIN INSTITUTE, PA US",11/26/2018,0,0,0,59,45
USC00366886,"PHILADELPHIA FRANKLIN INSTITUTE, PA US",11/27/2018,0.98,0,0,54,39
USC00366886,"PHILADELPHIA FRANKLIN INSTITUTE, PA US",11/30/2018,0,0,0,46,34
USC00366886,"PHILADELPHIA FRANKLIN INSTITUTE, PA US",12/1/2018,0,0,0,44,35
USC00366886,"PHILADELPHIA FRANKLIN INSTITUTE, PA US",12/3/2018,0,0,0,57,43
USC00366886,"PHILADELPHIA FRANKLIN INSTITUTE, PA US",12/4/2018,0,0,0,57,38
USC00366886,"PHILADELPHIA FRANKLIN INSTITUTE, PA US",12/5/2018,0,0,0,43,26
USC00366886,"PHILADELPHIA FRANKLIN INSTITUTE, PA US",12/6/2018,1.3,0,0,34,29
USC00366886,"PHILADELPHIA FRANKLIN INSTITUTE, PA US",12/7/2018,0,0,0,40,34
USC00366886,"PHILADELPHIA FRANKLIN INSTITUTE, PA US",12/8/2018,0,0,0,40,26
USC00366886,"PHILADELPHIA FRANKLIN INSTITUTE, PA US",12/9/2018,0,0,0,38,29
USC00366886,"PHILADELPHIA FRANKLIN INSTITUTE, PA US",12/10/2018,0,0,0,40,27
USC00366886,"PHILADELPHIA FRANKLIN INSTITUTE, PA US",12/11/2018,0,0,0,44,32
USC00366886,"PHILADELPHIA FRANKLIN INSTITUTE, PA US",12/12/2018,0,0,0,43,32
USC00366886,"PHILADELPHIA FRANKLIN INSTITUTE, PA US",12/13/2018,0,0,0,44,32
USC00366886,"PHILADELPHIA FRANKLIN INSTITUTE, PA US",12/14/2018,0,0,0,50,37
USC00366886,"PHILADELPHIA FRANKLIN INSTITUTE, PA US",12/15/2018,0.18,0,0,53,37
USC00366886,"PHILADELPHIA FRANKLIN INSTITUTE, PA US",12/16/2018,1.1,0,0,53,37
USC00366886,"PHILADELPHIA FRANKLIN INSTITUTE, PA US",12/17/2018,0.09,0,0,45,38
USC00366886,"PHILADELPHIA FRANKLIN INSTITUTE, PA US",12/18/2018,0,0,0,48,36
USC00366886,"PHILADELPHIA FRANKLIN INSTITUTE, PA US",12/19/2018,0,0,0,42,30
USC00366886,"PHILADELPHIA FRANKLIN INSTITUTE, PA US",12/20/2018,0,0,0,45,34
USC00366886,"PHILADELPHIA FRANKLIN INSTITUTE, PA US",12/21/2018,1.6,0,0,65,37
USC00366886,"PHILADELPHIA FRANKLIN INSTITUTE, PA US",12/22/2018,0.15,0,0,62,42
USC00366886,"PHILADELPHIA FRANKLIN INSTITUTE, PA US",12/23/2018,0,0,0,46,38
USC00366886,"PHILADELPHIA FRANKLIN INSTITUTE, PA US",12/26/2018,0,0,0,47,32
USC00366886,"PHILADELPHIA FRANKLIN INSTITUTE, PA US",12/27/2018,0,0,0,46,35
USC00366886,"PHILADELPHIA FRANKLIN INSTITUTE, PA US",12/28/2018,1.04,0,0,55,39
USC00366886,"PHILADELPHIA FRANKLIN INSTITUTE, PA US",12/29/2018,0.6,0,0,60,49
USC00366886,"PHILADELPHIA FRANKLIN INSTITUTE, PA US",12/30/2018,0,0,0,51,37
USC00366886,"PHILADELPHIA FRANKLIN INSTITUTE, PA US",12/31/2018,0,0,0,45,36
USC00366886,"PHILADELPHIA FRANKLIN INSTITUTE, PA US",1/1/2019,1.59,0,0,50,36
USC00366886,"PHILADELPHIA FRANKLIN INSTITUTE, PA US",1/2/2019,0,0,0,61,36
USC00366886,"PHILADELPHIA FRANKLIN INSTITUTE, PA US",1/3/2019,0,0,0,45,39
USC00366886,"PHILADELPHIA FRANKLIN INSTITUTE, PA US",1/4/2019,0,0,0,46,35
USC00366886,"PHILADELPHIA FRANKLIN INSTITUTE, PA US",1/5/2019,0.5,0,0,47,35
USC00366886,"PHILADELPHIA FRANKLIN INSTITUTE, PA US",1/6/2019,0.5,0,0,48,35
USC00366886,"PHILADELPHIA FRANKLIN INSTITUTE, PA US",1/7/2019,0,0,0,52,29
USC00366886,"PHILADELPHIA FRANKLIN INSTITUTE, PA US",1/8/2019,0.08,0,0,37,29
USC00366886,"PHILADELPHIA FRANKLIN INSTITUTE, PA US",1/9/2019,0.15,0,0,46,37
USC00366886,"PHILADELPHIA FRANKLIN INSTITUTE, PA US",1/10/2019,0,0,0,47,32
USC00366886,"PHILADELPHIA FRANKLIN INSTITUTE, PA US",1/11/2019,0,0,0,40,25
USC00366886,"PHILADELPHIA FRANKLIN INSTITUTE, PA US",1/12/2019,0,0,0,34,22
USC00366886,"PHILADELPHIA FRANKLIN INSTITUTE, PA US",1/13/2019,2,2,2,40,23
USC00366886,"PHILADELPHIA FRANKLIN INSTITUTE, PA US",1/14/2019,0,0,0,35,21
USC00366886,"PHILADELPHIA FRANKLIN INSTITUTE, PA US",1/15/2019,0,0,0,36,25
USC00366886,"PHILADELPHIA FRANKLIN INSTITUTE, PA US",1/16/2019,0,0,0,39,28
USC00366886,"PHILADELPHIA FRANKLIN INSTITUTE, PA US",1/17/2019,0,0,0,39,25
USC00366886,"PHILADELPHIA FRANKLIN INSTITUTE, PA US",1/18/2019,0.08,1,1,39,27
USC00366886,"PHILADELPHIA FRANKLIN INSTITUTE, PA US",1/19/2019,0,0,0,37,32
USC00366886,"PHILADELPHIA FRANKLIN INSTITUTE, PA US",1/20/2019,1.35,0,0,47,32
USC00366886,"PHILADELPHIA FRANKLIN INSTITUTE, PA US",1/21/2019,0,0,0,49,8
USC00366886,"PHILADELPHIA FRANKLIN INSTITUTE, PA US",1/22/2019,0,0,0,19,10
USC00366886,"PHILADELPHIA FRANKLIN INSTITUTE, PA US",1/23/2019,0,0,0,34,13
USC00366886,"PHILADELPHIA FRANKLIN INSTITUTE, PA US",1/24/2019,0.25,0,0,59,34
USC00366886,"PHILADELPHIA FRANKLIN INSTITUTE, PA US",1/25/2019,0.88,0,0,60,33
USC00366886,"PHILADELPHIA FRANKLIN INSTITUTE, PA US",1/26/2019,0,0,0,40,25
USC00366886,"PHILADELPHIA FRANKLIN INSTITUTE, PA US",1/27/2019,0,0,0,39,27
USC00366886,"PHILADELPHIA FRANKLIN INSTITUTE, PA US",1/28/2019,0.04,0,0,48,30
USC00366886,"PHILADELPHIA FRANKLIN INSTITUTE, PA US",1/29/2019,0,0,0,39,26
USC00366886,"PHILADELPHIA FRANKLIN INSTITUTE, PA US",1/30/2019,0,0,0,43,19
USC00366886,"PHILADELPHIA FRANKLIN INSTITUTE, PA US",1/31/2019,0.16,0,0,43,5
USC00366886,"PHILADELPHIA FRANKLIN INSTITUTE, PA US",2/1/2019,0,0,0,18,8
USC00366886,"PHILADELPHIA FRANKLIN INSTITUTE, PA US",2/2/2019,0.04,1,1,18,13
USC00366886,"PHILADELPHIA FRANKLIN INSTITUTE, PA US",2/3/2019,0,0,0,38,18
USC00366886,"PHILADELPHIA FRANKLIN INSTITUTE, PA US",2/4/2019,0,0,0,51,18
USC00366886,"PHILADELPHIA FRANKLIN INSTITUTE, PA US",2/5/2019,0,0,0,62,18
USC00366886,"PHILADELPHIA FRANKLIN INSTITUTE, PA US",2/6/2019,0,0,0,69,42
USC00366886,"PHILADELPHIA FRANKLIN INSTITUTE, PA US",2/7/2019,0.33,0,0,59,40
USC00366886,"PHILADELPHIA FRANKLIN INSTITUTE, PA US",2/8/2019,0.05,0,0,47,41
USC00366886,"PHILADELPHIA FRANKLIN INSTITUTE, PA US",2/9/2019,0,0,0,55,24
USC00366886,"PHILADELPHIA FRANKLIN INSTITUTE, PA US",2/10/2019,0,0,0,35,23
USC00366886,"PHILADELPHIA FRANKLIN INSTITUTE, PA US",2/11/2019,0.25,1.8,2,38,26
USC00366886,"PHILADELPHIA FRANKLIN INSTITUTE, PA US",2/12/2019,0.3,1.1,2,34,27
USC00366886,"PHILADELPHIA FRANKLIN INSTITUTE, PA US",2/13/2019,1.1,0,0,41,27
USC00366886,"PHILADELPHIA FRANKLIN INSTITUTE, PA US",2/14/2019,0,0,0,42,33
USC00366886,"PHILADELPHIA FRANKLIN INSTITUTE, PA US",2/15/2019,0,0,0,53,38
USC00366886,"PHILADELPHIA FRANKLIN INSTITUTE, PA US",2/16/2019,0,0,0,63,36
USC00366886,"PHILADELPHIA FRANKLIN INSTITUTE, PA US",2/17/2019,0,0,0,38,26
USC00366886,"PHILADELPHIA FRANKLIN INSTITUTE, PA US",2/18/2019,0.33,0,0,40,30
USC00366886,"PHILADELPHIA FRANKLIN INSTITUTE, PA US",2/19/2019,0,0,0,45,25
USC00366886,"PHILADELPHIA FRANKLIN INSTITUTE, PA US",2/20/2019,0,0,0,39,28
USC00366886,"PHILADELPHIA FRANKLIN INSTITUTE, PA US",2/21/2019,0.69,1,1,44,26
USC00366886,"PHILADELPHIA FRANKLIN INSTITUTE, PA US",2/22/2019,0,0,0,52,40
USC00366886,"PHILADELPHIA FRANKLIN INSTITUTE, PA US",2/23/2019,0,0,0,47,34
USC00366886,"PHILADELPHIA FRANKLIN INSTITUTE, PA US",2/24/2019,0.38,0,0,52,33
USC00366886,"PHILADELPHIA FRANKLIN INSTITUTE, PA US",2/25/2019,0.12,0,0,49,34
USC00366886,"PHILADELPHIA FRANKLIN INSTITUTE, PA US",2/26/2019,0,0,0,42,29
USC00366886,"PHILADELPHIA FRANKLIN INSTITUTE, PA US",2/27/2019,0,0,0,42,25
USC00366886,"PHILADELPHIA FRANKLIN INSTITUTE, PA US",2/28/2019,0,0,0,39,27
USC00366886,"PHILADELPHIA FRANKLIN INSTITUTE, PA US",3/1/2019,0.27,2.8,3,41,27
USC00366886,"PHILADELPHIA FRANKLIN INSTITUTE, PA US",3/2/2019,0.47,0.3,0,35,28
USC00366886,"PHILADELPHIA FRANKLIN INSTITUTE, PA US",3/4/2019,1.5,0.5,1,37,33
USC00366886,"PHILADELPHIA FRANKLIN INSTITUTE, PA US",3/5/2019,0,0,0,39,22
USC00366886,"PHILADELPHIA FRANKLIN INSTITUTE, PA US",3/6/2019,0,0,0,35,19
USC00366886,"PHILADELPHIA FRANKLIN INSTITUTE, PA US",3/7/2019,0,0,0,30,19
USC00366886,"PHILADELPHIA FRANKLIN INSTITUTE, PA US",3/8/2019,0,0,0,37,21
USC00366886,"PHILADELPHIA FRANKLIN INSTITUTE, PA US",3/9/2019,0,0,0,41,33
USC00366886,"PHILADELPHIA FRANKLIN INSTITUTE, PA US",3/10/2019,0.95,0,0,53,38
USC00366886,"PHILADELPHIA FRANKLIN INSTITUTE, PA US",3/11/2019,0.03,0,0,50,43
USC00366886,"PHILADELPHIA FRANKLIN INSTITUTE, PA US",3/12/2019,0,0,0,56,36
USC00366886,"PHILADELPHIA FRANKLIN INSTITUTE, PA US",3/13/2019,0,0,0,56,34
USC00366886,"PHILADELPHIA FRANKLIN INSTITUTE, PA US",3/14/2019,0,0,0,53,41
USC00366886,"PHILADELPHIA FRANKLIN INSTITUTE, PA US",3/15/2019,0,0,0,70,47
USC00366886,"PHILADELPHIA FRANKLIN INSTITUTE, PA US",3/16/2019,0.13,0,0,77,45
USC00366886,"PHILADELPHIA FRANKLIN INSTITUTE, PA US",3/17/2019,0,0,0,51,34
USC00366886,"PHILADELPHIA FRANKLIN INSTITUTE, PA US",3/18/2019,0,0,0,48,34
USC00366886,"PHILADELPHIA FRANKLIN INSTITUTE, PA US",3/19/2019,0,0,0,49,35
USC00366886,"PHILADELPHIA FRANKLIN INSTITUTE, PA US",3/20/2019,0,0,0,54,37
USC00366886,"PHILADELPHIA FRANKLIN INSTITUTE, PA US",3/21/2019,0.12,0,0,56,42
USC00366886,"PHILADELPHIA FRANKLIN INSTITUTE, PA US",3/22/2019,1.2,0,0,51,38
USC00366886,"PHILADELPHIA FRANKLIN INSTITUTE, PA US",3/23/2019,0,0,0,52,35
USC00366886,"PHILADELPHIA FRANKLIN INSTITUTE, PA US",3/24/2019,0,0,0,52,39
USC00366886,"PHILADELPHIA FRANKLIN INSTITUTE, PA US",3/25/2019,0,0,0,63,46
USC00366886,"PHILADELPHIA FRANKLIN INSTITUTE, PA US",3/26/2019,0,0,0,57,33
USC00366886,"PHILADELPHIA FRANKLIN INSTITUTE, PA US",3/27/2019,0,0,0,49,34
USC00366886,"PHILADELPHIA FRANKLIN INSTITUTE, PA US",3/28/2019,0,0,0,54,36
USC00366886,"PHILADELPHIA FRANKLIN INSTITUTE, PA US",3/29/2019,0,0,0,60,42
USC00366886,"PHILADELPHIA FRANKLIN INSTITUTE, PA US",3/30/2019,0,0,0,63,42
USC00366886,"PHILADELPHIA FRANKLIN INSTITUTE, PA US",3/31/2019,0.03,0,0,77,58
USC00366886,"PHILADELPHIA FRANKLIN INSTITUTE, PA US",4/1/2019,0.1,0,0,62,31
USC00366886,"PHILADELPHIA FRANKLIN INSTITUTE, PA US",4/2/2019,0,0,0,50,36
USC00366886,"PHILADELPHIA FRANKLIN INSTITUTE, PA US",4/3/2019,0,0,0,54,40
USC00366886,"PHILADELPHIA FRANKLIN INSTITUTE, PA US",4/4/2019,0,0,0,68,49
USC00366886,"PHILADELPHIA FRANKLIN INSTITUTE, PA US",4/5/2019,0,0,0,67,41
USC00366886,"PHILADELPHIA FRANKLIN INSTITUTE, PA US",4/6/2019,0.13,0,0,47,41
USC00366886,"PHILADELPHIA FRANKLIN INSTITUTE, PA US",4/7/2019,0,0,0,69,46
USC00366886,"PHILADELPHIA FRANKLIN INSTITUTE, PA US",4/8/2019,0.22,0,0,73,55
USC00366886,"PHILADELPHIA FRANKLIN INSTITUTE, PA US",4/9/2019,0,0,0,82,55
USC00366886,"PHILADELPHIA FRANKLIN INSTITUTE, PA US",4/10/2019,0,0,0,74,52
USC00366886,"PHILADELPHIA FRANKLIN INSTITUTE, PA US",4/11/2019,0,0,0,66,52
USC00366886,"PHILADELPHIA FRANKLIN INSTITUTE, PA US",4/12/2019,0,0,0,59,43
USC00366886,"PHILADELPHIA FRANKLIN INSTITUTE, PA US",4/13/2019,0.35,0,0,78,57
USC00366886,"PHILADELPHIA FRANKLIN INSTITUTE, PA US",4/14/2019,0,0,0,77,61
USC00366886,"PHILADELPHIA FRANKLIN INSTITUTE, PA US",4/15/2019,0.75,0,0,74,59
USC00366886,"PHILADELPHIA FRANKLIN INSTITUTE, PA US",4/16/2019,0,0,0,65,44
USC00366886,"PHILADELPHIA FRANKLIN INSTITUTE, PA US",4/17/2019,0,0,0,68,44
USC00366886,"PHILADELPHIA FRANKLIN INSTITUTE, PA US",4/18/2019,0,0,0,68,44
USC00366886,"PHILADELPHIA FRANKLIN INSTITUTE, PA US",4/19/2019,0,0,0,82,60
USC00366886,"PHILADELPHIA FRANKLIN INSTITUTE, PA US",4/20/2019,1.22,0,0,80,65
USC00366886,"PHILADELPHIA FRANKLIN INSTITUTE, PA US",4/21/2019,0.04,0,0,74,63
USC00366886,"PHILADELPHIA FRANKLIN INSTITUTE, PA US",4/22/2019,0,0,0,72,56
USC00366886,"PHILADELPHIA FRANKLIN INSTITUTE, PA US",4/23/2019,0,0,0,69,58
USC00366886,"PHILADELPHIA FRANKLIN INSTITUTE, PA US",4/24/2019,0,0,0,81,61
USC00366886,"PHILADELPHIA FRANKLIN INSTITUTE, PA US",4/25/2019,0,0,0,75,56
USC00366886,"PHILADELPHIA FRANKLIN INSTITUTE, PA US",4/26/2019,0.27,0,0,75,54
USC00366886,"PHILADELPHIA FRANKLIN INSTITUTE, PA US",4/27/2019,0.7,0,0,71,51
USC00366886,"PHILADELPHIA FRANKLIN INSTITUTE, PA US",4/28/2019,0,,,68,46
USC00366886,"PHILADELPHIA FRANKLIN INSTITUTE, PA US",4/29/2019,0.04,,,64,41
USC00366886,"PHILADELPHIA FRANKLIN INSTITUTE, PA US",4/30/2019,0,,,76,50
,,,,,,,
,,,,,,,
